Heating Temperature,Cooling Temperature,Solid Mold Size,Coke %,Minerals %,Production Type,Inclusions,Steel Strength
147,127,51,39,61,Unit 2,13.83,962
180,123,49,64,36,Unit 1,9.34,928
155,141,66,71,29,Unit 2,12.84,1142
177,136,38,40,60,Unit 1,15.08,691
147,123,57,48,52,Unit 1,9.57,973
149,115,39,41,59,Unit 2,15.64,752
153,137,65,59,41,Unit 3,13.49,645
170,142,37,72,28,Unit 1,10.05,1012
177,129,35,61,39,Unit 2,12.17,1118
135,136,63,71,29,Unit 1,10.28,795
163,134,73,62,38,Unit 2,14.18,897
139,135,69,50,50,Unit 1,13.74,565
168,123,67,72,28,Unit 1,8.29,1097
151,117,75,45,55,Unit 3,13.86,432
141,131,58,60,40,Unit 3,8.89,941
162,134,38,40,60,Unit 1,15.42,568
145,139,70,49,51,Unit 2,16.35,801
161,122,71,70,30,Unit 3,8.83,800
178,139,43,42,58,Unit 2,16.44,884
171,120,35,43,57,Unit 1,13.26,689
169,135,45,69,31,Unit 3,11.18,731
157,123,75,68,32,Unit 1,8.28,921
139,143,56,69,31,Unit 3,9.14,1135
155,123,42,69,31,Unit 1,9.23,916
178,140,37,51,49,Unit 2,15.76,902
153,120,58,44,56,Unit 2,11.81,1059
177,134,73,64,36,Unit 1,9.91,970
145,135,68,63,37,Unit 1,10.41,875
148,144,62,72,28,Unit 2,12.21,1116
155,143,54,40,60,Unit 3,13.98,761
178,133,56,43,57,Unit 1,10.39,1074
156,132,51,70,30,Unit 3,7.38,1086
170,136,75,54,46,Unit 2,15.24,827
150,135,45,57,43,Unit 2,15.14,849
161,144,53,59,41,Unit 1,9.04,1179
162,144,72,64,36,Unit 3,12.74,790
139,123,46,40,60,Unit 3,16.29,376
159,132,74,42,58,Unit 1,14.49,590
140,115,40,48,52,Unit 1,12.78,618
164,115,44,57,43,Unit 2,12.82,881
145,121,62,56,44,Unit 1,11.32,827
178,131,59,62,38,Unit 2,9.41,1349
161,119,66,69,31,Unit 1,8.27,811
153,130,37,53,47,Unit 1,13.14,697
156,137,41,56,44,Unit 2,15.35,897
156,131,63,56,44,Unit 1,11.28,815
150,142,58,51,49,Unit 1,10.23,1070
152,132,68,57,43,Unit 1,12.27,742
171,134,72,63,37,Unit 2,12.05,1036
180,119,40,44,56,Unit 3,13.7,538
147,125,36,49,51,Unit 2,14.92,757
142,115,35,69,31,Unit 3,9.01,726
146,114,35,68,32,Unit 2,11.83,948
156,133,44,61,39,Unit 1,10.76,842
140,138,74,55,45,Unit 3,13.63,570
159,144,41,38,62,Unit 1,15.93,606
155,141,73,47,53,Unit 1,13.98,698
137,124,72,44,56,Unit 1,13.56,532
163,143,44,60,40,Unit 3,12.79,628
145,127,43,61,39,Unit 3,11.62,626
177,140,70,66,34,Unit 3,11.27,812
146,122,38,48,52,Unit 1,13.45,671
167,133,46,56,44,Unit 1,10.94,702
156,116,69,39,61,Unit 1,13.26,532
147,141,69,39,61,Unit 2,18.54,694
169,140,60,61,39,Unit 2,10.48,1350
159,144,53,43,57,Unit 2,14.0,1092
137,135,45,68,32,Unit 3,11.16,705
180,130,73,45,55,Unit 1,12.7,757
159,119,35,71,29,Unit 3,8.69,764
142,117,44,55,45,Unit 1,10.3,710
163,118,71,58,42,Unit 3,11.5,720
153,128,35,60,40,Unit 1,10.84,828
175,142,68,40,60,Unit 1,15.89,545
158,123,37,60,40,Unit 2,12.52,932
160,121,46,43,57,Unit 2,16.76,774
162,114,48,43,57,Unit 2,14.91,704
159,127,69,62,38,Unit 3,11.58,620
165,122,43,47,53,Unit 1,12.35,693
169,127,71,71,29,Unit 1,8.84,1053
171,125,41,48,52,Unit 1,12.92,745
154,143,36,66,34,Unit 1,10.73,902
135,130,61,50,50,Unit 3,14.0,471
151,144,67,69,31,Unit 3,11.59,705
171,134,56,54,46,Unit 3,10.11,1019
166,129,51,53,47,Unit 2,10.95,1228
137,135,35,61,39,Unit 1,12.52,747
176,126,68,70,30,Unit 2,10.35,1187
159,127,70,50,50,Unit 2,14.43,740
175,144,41,46,54,Unit 3,15.11,591
162,129,59,42,58,Unit 3,11.83,824
145,119,39,65,35,Unit 3,9.91,633
154,121,43,57,43,Unit 3,11.83,594
156,119,69,69,31,Unit 3,8.92,694
153,142,53,60,40,Unit 2,11.28,1326
150,129,73,69,31,Unit 2,11.81,1027
166,120,71,47,53,Unit 1,11.53,640
161,138,49,50,50,Unit 3,15.43,563
171,137,73,71,29,Unit 2,11.05,1090
181,142,48,56,44,Unit 3,13.57,705
160,127,46,48,52,Unit 2,15.09,908
168,114,73,55,45,Unit 2,11.85,951
178,127,37,68,32,Unit 1,9.55,1030
167,121,61,39,61,Unit 1,13.59,597
143,131,41,39,61,Unit 3,16.52,298
148,114,45,63,37,Unit 3,9.8,616
145,118,74,55,45,Unit 3,12.67,589
138,131,48,72,28,Unit 1,8.53,809
162,136,47,47,53,Unit 2,15.63,725
165,139,73,43,57,Unit 3,15.33,551
135,138,42,64,36,Unit 1,12.17,764
143,121,49,48,52,Unit 1,12.24,497
166,124,57,50,50,Unit 1,8.09,1116
160,117,63,38,62,Unit 2,15.97,631
156,134,46,62,38,Unit 2,13.99,945
148,123,48,60,40,Unit 2,13.33,866
151,128,38,58,42,Unit 3,11.86,581
144,135,35,50,50,Unit 3,14.57,439
168,131,42,55,45,Unit 1,11.86,692
166,131,41,40,60,Unit 1,13.96,574
169,137,44,66,34,Unit 3,12.04,789
154,135,59,63,37,Unit 3,9.0,1052
169,121,58,47,53,Unit 2,11.02,1087
172,143,45,56,44,Unit 3,14.35,656
142,114,73,63,37,Unit 1,9.33,790
152,141,56,47,53,Unit 3,11.76,886
160,120,61,63,37,Unit 3,11.08,757
174,135,65,50,50,Unit 3,14.03,679
161,122,40,58,42,Unit 2,12.45,866
178,122,62,52,48,Unit 2,13.98,941
176,137,39,41,59,Unit 3,15.86,483
154,121,40,64,36,Unit 3,10.68,670
172,121,65,61,39,Unit 3,10.8,666
158,114,52,53,47,Unit 1,6.91,1101
154,132,64,47,53,Unit 2,15.54,854
155,121,74,55,45,Unit 3,12.61,542
161,123,61,59,41,Unit 3,11.92,719
179,136,74,52,48,Unit 2,15.6,835
158,119,42,60,40,Unit 3,11.63,713
150,144,67,72,28,Unit 1,10.64,1061
153,144,64,58,42,Unit 2,16.27,878
162,144,62,52,48,Unit 1,13.03,802
154,116,45,68,32,Unit 3,9.67,695
137,120,48,60,40,Unit 3,11.28,568
157,125,66,68,32,Unit 3,10.11,679
157,116,51,54,46,Unit 3,8.6,982
156,141,55,40,60,Unit 3,13.79,830
154,127,42,61,39,Unit 2,13.62,946
166,138,44,51,49,Unit 1,13.23,771
165,120,50,61,39,Unit 1,5.66,1216
175,118,59,53,47,Unit 3,7.96,981
169,122,51,67,33,Unit 3,6.6,1126
172,124,71,50,50,Unit 1,12.22,753
176,119,50,48,52,Unit 2,10.9,1236
150,118,62,43,57,Unit 2,15.07,751
139,121,42,53,47,Unit 3,12.34,430
136,125,43,61,39,Unit 1,10.4,682
163,144,58,39,61,Unit 3,13.66,783
172,117,39,53,47,Unit 3,11.56,661
154,140,68,55,45,Unit 1,13.13,779
156,121,46,55,45,Unit 3,11.66,631
136,132,53,57,43,Unit 2,11.11,1188
180,122,57,68,32,Unit 1,4.54,1418
162,141,74,67,33,Unit 2,12.95,973
148,144,59,43,57,Unit 3,13.41,791
147,131,60,40,60,Unit 3,12.68,730
151,124,75,50,50,Unit 2,14.59,766
180,137,50,70,30,Unit 1,5.56,1396
138,131,67,48,52,Unit 1,13.93,563
166,133,45,50,50,Unit 2,14.95,797
177,142,74,43,57,Unit 3,16.71,469
170,132,44,47,53,Unit 3,14.97,530
150,120,52,38,62,Unit 2,12.94,990
177,134,66,52,48,Unit 2,15.33,936
176,132,37,45,55,Unit 1,13.77,664
152,116,69,51,49,Unit 3,12.64,503
138,125,59,69,31,Unit 3,6.73,1108
168,142,75,50,50,Unit 2,16.53,941
170,114,50,57,43,Unit 2,8.44,1330
149,144,54,55,45,Unit 1,10.25,1115
172,135,70,38,62,Unit 2,17.71,656
144,117,48,41,59,Unit 3,15.2,341
163,140,45,47,53,Unit 2,17.02,832
164,136,44,42,58,Unit 2,17.38,807
177,137,71,69,31,Unit 1,9.13,981
172,119,71,38,62,Unit 3,14.55,443
139,117,58,54,46,Unit 1,7.61,1010
154,115,41,48,52,Unit 1,11.47,639
159,135,45,65,35,Unit 2,12.68,886
160,130,72,71,29,Unit 1,9.61,938
139,134,44,54,46,Unit 2,15.76,686
154,132,68,70,30,Unit 2,11.65,1101
178,134,47,65,35,Unit 3,11.22,712
160,139,71,70,30,Unit 2,12.23,995
164,141,57,42,58,Unit 3,12.34,836
160,124,73,69,31,Unit 3,10.36,803
178,130,73,52,48,Unit 1,12.55,860
158,116,69,49,51,Unit 2,13.61,766
146,119,55,52,48,Unit 2,10.84,1178
159,134,60,69,31,Unit 3,7.18,1169
154,124,62,58,42,Unit 2,13.05,793
180,142,62,68,32,Unit 2,12.88,1042
153,129,74,49,51,Unit 3,14.21,561
141,137,58,42,58,Unit 2,13.63,1057
170,136,35,65,35,Unit 1,10.05,824
159,130,45,49,51,Unit 1,13.61,739
154,122,41,71,29,Unit 3,10.13,827
143,134,40,65,35,Unit 1,10.23,889
150,144,68,52,48,Unit 2,16.43,860
152,142,58,53,47,Unit 2,12.29,1177
181,118,51,45,55,Unit 3,9.89,889
149,120,39,64,36,Unit 2,12.06,959
156,128,52,65,35,Unit 1,6.19,1314
160,130,71,56,44,Unit 1,11.21,723
169,117,74,69,31,Unit 3,7.97,746
140,139,36,68,32,Unit 2,13.27,954
168,144,35,66,34,Unit 2,13.88,1033
178,143,50,47,53,Unit 1,10.55,1170
165,135,63,58,42,Unit 2,14.74,914
149,121,58,63,37,Unit 3,7.6,999
178,141,37,65,35,Unit 2,12.46,1062
160,120,48,66,34,Unit 2,11.09,952
149,137,55,54,46,Unit 2,11.95,1233
179,121,67,61,39,Unit 3,10.66,650
168,122,59,63,37,Unit 3,6.3,1118
160,136,69,55,45,Unit 1,13.26,816
157,144,51,58,42,Unit 2,11.24,1235
155,136,61,43,57,Unit 2,17.01,687
145,129,36,66,34,Unit 3,11.48,674
166,142,50,48,52,Unit 1,10.41,1116
141,137,54,64,36,Unit 1,7.57,1163
158,135,53,48,52,Unit 3,10.81,911
139,139,71,38,62,Unit 2,19.25,563
162,122,65,58,42,Unit 2,13.19,915
163,135,62,65,35,Unit 3,11.29,688
157,144,44,67,33,Unit 1,11.28,935
151,115,52,50,50,Unit 2,10.38,1095
139,117,70,53,47,Unit 3,12.22,557
169,119,37,49,51,Unit 2,14.5,907
141,144,69,38,62,Unit 3,17.39,276
178,134,49,47,53,Unit 3,14.22,534
169,114,45,68,32,Unit 3,8.95,783
158,140,45,38,62,Unit 2,18.16,650
150,121,74,65,35,Unit 1,9.86,849
166,118,43,38,62,Unit 3,14.34,377
167,137,67,55,45,Unit 2,14.61,969
147,122,61,41,59,Unit 3,14.34,366
177,140,52,44,56,Unit 2,13.33,1166
147,134,41,47,53,Unit 1,14.62,584
164,133,48,67,33,Unit 1,9.23,888
151,143,46,65,35,Unit 1,10.78,809
170,119,41,45,55,Unit 3,14.34,466
154,133,40,59,41,Unit 2,13.09,997
147,133,69,52,48,Unit 1,13.83,679
166,125,66,61,39,Unit 1,9.44,988
140,141,62,70,30,Unit 3,11.71,749
164,137,55,60,40,Unit 1,7.95,1206
153,116,75,68,32,Unit 1,8.11,858
173,120,45,53,47,Unit 2,13.73,773
147,117,70,39,61,Unit 3,15.58,411
165,119,66,69,31,Unit 3,10.02,757
142,143,37,71,29,Unit 2,12.87,1016
175,123,49,47,53,Unit 1,11.81,814
142,126,65,42,58,Unit 1,15.0,642
180,118,58,61,39,Unit 1,5.64,1187
140,128,52,71,29,Unit 3,6.96,1069
170,120,65,55,45,Unit 1,10.53,780
157,121,53,58,42,Unit 1,7.36,1117
158,134,41,51,49,Unit 2,14.98,864
154,137,50,54,46,Unit 3,10.13,920
166,118,48,57,43,Unit 1,10.48,705
135,140,74,54,46,Unit 2,16.71,836
171,134,39,69,31,Unit 3,10.76,871
138,131,60,59,41,Unit 2,10.91,1166
154,124,53,50,50,Unit 3,9.57,931
149,135,64,62,38,Unit 3,13.05,607
150,119,73,60,40,Unit 3,11.54,582
158,135,52,38,62,Unit 3,13.38,752
155,116,60,42,58,Unit 1,8.94,865
136,143,58,50,50,Unit 2,12.64,1191
138,129,66,40,60,Unit 3,16.6,409
152,140,62,57,43,Unit 3,13.69,604
140,116,47,39,61,Unit 1,13.54,614
145,131,48,69,31,Unit 3,10.92,743
149,122,60,41,59,Unit 3,11.28,727
178,121,47,58,42,Unit 1,10.63,847
143,128,51,55,45,Unit 1,8.84,1133
178,138,38,57,43,Unit 1,12.11,936
150,122,65,63,37,Unit 1,9.51,800
178,120,42,59,41,Unit 2,11.7,929
159,133,57,70,30,Unit 2,8.83,1499
166,120,72,43,57,Unit 2,15.37,704
138,135,57,48,52,Unit 1,10.47,1028
155,133,73,51,49,Unit 3,13.71,550
177,141,72,55,45,Unit 3,14.27,673
176,126,72,45,55,Unit 1,12.36,728
174,125,54,44,56,Unit 1,9.62,1034
180,129,72,54,46,Unit 1,11.2,818
180,129,52,56,44,Unit 2,9.93,1366
160,125,54,45,55,Unit 2,12.17,1107
176,137,49,61,39,Unit 2,14.05,1024
137,130,63,69,31,Unit 2,13.01,899
162,130,41,60,40,Unit 1,10.26,846
144,114,64,65,35,Unit 1,8.51,741
152,120,47,68,32,Unit 1,8.5,910
154,120,39,55,45,Unit 2,13.28,809
143,144,46,56,44,Unit 2,15.43,776
174,118,74,55,45,Unit 1,9.62,806
141,138,68,45,55,Unit 2,17.02,740
160,131,74,57,43,Unit 1,11.57,725
163,143,45,38,62,Unit 2,19.85,752
166,114,38,65,35,Unit 1,8.86,873
141,117,42,52,48,Unit 1,11.79,601
146,135,46,39,61,Unit 1,15.42,558
137,115,55,52,48,Unit 1,8.26,938
171,139,39,39,61,Unit 3,17.08,505
144,138,50,63,37,Unit 1,7.33,1147
171,128,45,38,62,Unit 2,17.62,663
149,125,56,60,40,Unit 2,9.23,1210
168,126,54,51,49,Unit 1,8.22,1189
174,126,63,49,51,Unit 3,12.81,514
155,143,40,64,36,Unit 3,13.26,728
167,116,49,45,55,Unit 3,13.09,436
178,138,55,69,31,Unit 3,7.5,1217
153,134,52,60,40,Unit 2,10.62,1257
158,135,39,50,50,Unit 1,12.72,714
166,140,42,57,43,Unit 3,13.54,677
169,139,73,49,51,Unit 2,16.51,822
165,123,37,72,28,Unit 1,7.29,886
177,137,57,58,42,Unit 1,8.29,1222
168,114,52,66,34,Unit 1,3.87,1226
161,115,56,70,30,Unit 2,6.88,1463
151,142,52,38,62,Unit 2,14.86,924
165,116,41,52,48,Unit 1,10.69,833
140,122,66,66,34,Unit 2,12.74,907
156,124,52,59,41,Unit 3,7.98,949
140,134,65,57,43,Unit 3,13.49,552
136,135,48,62,38,Unit 3,13.11,653
162,125,40,54,46,Unit 3,12.41,549
164,142,41,59,41,Unit 1,12.25,880
149,125,69,58,42,Unit 1,11.75,682
145,122,51,46,54,Unit 1,9.48,969
139,118,36,70,30,Unit 3,9.13,684
177,116,67,49,51,Unit 1,10.84,777
159,118,59,56,44,Unit 3,7.98,992
151,139,43,68,32,Unit 1,10.44,875
161,118,41,52,48,Unit 1,11.44,763
161,130,41,72,28,Unit 2,11.67,1075
156,125,53,56,44,Unit 1,7.67,1084
139,114,42,52,48,Unit 1,10.75,632
140,134,73,44,56,Unit 1,14.75,598
142,118,56,41,59,Unit 1,10.37,873
159,135,60,55,45,Unit 1,8.49,1148
179,137,71,54,46,Unit 3,13.46,640
144,137,68,39,61,Unit 1,16.47,507
179,134,75,57,43,Unit 2,13.46,916
135,115,73,67,33,Unit 1,8.09,809
163,123,60,46,54,Unit 3,10.12,827
153,136,36,41,59,Unit 1,14.67,559
155,130,43,43,57,Unit 3,15.02,381
165,124,44,70,30,Unit 2,10.96,1029
156,140,49,65,35,Unit 1,10.91,887
136,133,66,72,28,Unit 2,12.24,960
148,119,53,53,47,Unit 1,7.53,1013
166,129,59,59,41,Unit 2,9.37,1214
174,134,51,39,61,Unit 2,13.43,1062
146,117,46,47,53,Unit 1,12.01,605
164,125,74,72,28,Unit 3,9.06,786
177,123,47,60,40,Unit 2,12.98,964
181,115,55,38,62,Unit 2,11.59,1076
150,131,48,63,37,Unit 1,11.18,788
159,143,45,41,59,Unit 1,15.47,640
164,125,42,68,32,Unit 1,9.27,881
146,143,41,42,58,Unit 1,15.6,602
180,143,72,38,62,Unit 3,16.86,535
164,134,39,39,61,Unit 3,16.38,501
181,125,55,59,41,Unit 2,9.05,1332
173,125,72,41,59,Unit 2,15.76,702
165,130,65,63,37,Unit 1,9.91,874
172,144,71,58,42,Unit 3,13.94,755
165,143,74,60,40,Unit 3,12.55,759
164,130,40,54,46,Unit 2,14.4,895
151,117,61,57,43,Unit 2,13.69,835
157,136,74,70,30,Unit 1,9.94,954
173,124,63,66,34,Unit 1,8.33,966
149,120,49,63,37,Unit 1,9.1,818
157,120,49,66,34,Unit 1,9.13,906
162,130,37,63,37,Unit 3,11.93,694
171,116,35,54,46,Unit 2,13.68,771
156,125,50,54,46,Unit 2,10.74,1169
144,144,51,52,48,Unit 3,11.67,944
159,125,51,48,52,Unit 1,9.07,996
173,133,52,71,29,Unit 2,7.78,1515
168,134,38,57,43,Unit 2,14.55,887
177,120,51,39,61,Unit 1,9.63,998
144,127,62,46,54,Unit 1,13.97,718
147,130,38,43,57,Unit 1,13.82,571
163,118,43,69,31,Unit 2,10.9,1119
169,136,42,47,53,Unit 3,14.5,465
162,138,73,69,31,Unit 2,12.03,1082
175,136,73,48,52,Unit 2,16.63,840
159,126,67,48,52,Unit 2,15.55,779
140,140,69,52,48,Unit 2,16.69,791
177,121,64,60,40,Unit 3,10.59,700
147,137,48,58,42,Unit 1,11.54,691
155,117,70,67,33,Unit 1,9.21,849
165,137,62,65,35,Unit 1,10.86,920
135,119,61,58,42,Unit 3,12.66,572
170,142,58,40,60,Unit 1,11.31,1028
137,129,51,60,40,Unit 1,7.81,1123
180,144,69,45,55,Unit 3,15.51,535
171,130,71,69,31,Unit 2,10.98,1046
157,127,51,57,43,Unit 1,7.5,1185
167,144,71,72,28,Unit 3,11.25,817
151,135,72,63,37,Unit 2,13.28,1027
171,125,48,55,45,Unit 3,11.79,607
174,128,37,57,43,Unit 1,11.12,847
140,116,40,41,59,Unit 1,13.94,542
160,117,64,38,62,Unit 3,15.7,464
138,139,74,57,43,Unit 2,15.07,858
161,140,61,66,34,Unit 3,11.85,711
152,123,53,61,39,Unit 1,6.07,1174
150,116,70,68,32,Unit 2,10.61,944
159,114,42,45,55,Unit 1,11.69,535
145,118,59,65,35,Unit 2,7.4,1225
171,129,49,43,57,Unit 1,14.28,639
139,136,47,42,58,Unit 1,14.81,658
175,134,68,58,42,Unit 1,11.02,803
157,142,56,61,39,Unit 1,8.13,1254
169,118,40,58,42,Unit 3,11.04,717
135,140,38,51,49,Unit 3,15.95,520
169,118,54,66,34,Unit 3,6.07,1151
152,124,36,38,62,Unit 3,15.12,402
148,119,64,48,52,Unit 2,13.96,722
138,130,51,57,43,Unit 2,10.41,1167
147,144,69,54,46,Unit 2,15.81,773
144,138,35,51,49,Unit 2,15.72,710
151,124,51,59,41,Unit 3,7.85,957
158,129,40,68,32,Unit 1,9.05,1028
160,143,52,69,31,Unit 2,9.74,1338
146,123,47,41,59,Unit 3,14.96,471
167,144,70,44,56,Unit 2,17.88,787
141,142,58,48,52,Unit 3,12.65,810
163,143,41,48,52,Unit 2,16.72,814
147,116,75,39,61,Unit 1,14.29,505
178,124,55,64,36,Unit 3,6.51,1115
168,144,56,47,53,Unit 3,12.25,855
161,133,43,71,29,Unit 3,10.13,760
136,129,74,66,34,Unit 3,11.06,711
151,137,37,62,38,Unit 3,12.88,740
156,131,73,55,45,Unit 1,12.66,811
167,119,44,60,40,Unit 2,12.23,963
168,136,70,70,30,Unit 1,9.69,1005
135,136,51,65,35,Unit 2,9.67,1276
163,120,50,69,31,Unit 2,7.13,1467
173,143,52,54,46,Unit 2,11.83,1292
146,138,58,38,62,Unit 2,14.8,955
177,127,39,69,31,Unit 3,9.2,879
175,119,68,56,44,Unit 3,11.47,583
158,131,59,49,51,Unit 2,11.88,1103
170,132,58,38,62,Unit 1,11.64,977
177,120,36,67,33,Unit 1,8.53,938
137,141,61,70,30,Unit 3,11.04,735
160,114,54,56,44,Unit 1,6.29,1180
151,120,72,47,53,Unit 1,11.88,643
162,125,45,54,46,Unit 3,13.33,582
175,144,60,66,34,Unit 2,9.88,1454
162,141,65,70,30,Unit 1,9.61,877
167,141,44,45,55,Unit 2,17.2,741
173,116,41,68,32,Unit 2,10.41,1040
141,117,43,54,46,Unit 3,11.67,445
173,140,69,54,46,Unit 3,14.71,612
160,136,57,63,37,Unit 2,10.46,1265
139,141,65,71,29,Unit 3,10.95,719
178,121,55,41,59,Unit 3,10.66,834
144,126,48,64,36,Unit 2,13.34,995
163,138,63,66,34,Unit 1,10.04,833
159,130,44,38,62,Unit 3,16.56,306
153,126,61,59,41,Unit 2,13.35,871
167,126,51,62,38,Unit 1,6.48,1182
172,119,40,72,28,Unit 3,8.5,867
141,130,52,58,42,Unit 2,10.8,1179
152,137,58,72,28,Unit 3,7.4,1186
141,136,74,58,42,Unit 2,14.12,926
140,133,42,56,44,Unit 3,13.56,594
140,122,74,47,53,Unit 1,12.59,521
138,122,51,52,48,Unit 3,9.88,854
146,125,74,40,60,Unit 1,14.25,558
136,141,63,61,39,Unit 2,14.54,797
167,115,68,54,46,Unit 3,11.73,550
178,139,35,56,44,Unit 2,14.69,924
180,117,41,39,61,Unit 3,14.25,442
181,114,67,51,49,Unit 2,12.22,860
166,125,68,71,29,Unit 3,10.05,775
140,134,72,68,32,Unit 1,10.58,797
172,125,63,62,38,Unit 2,12.43,984
159,129,61,66,34,Unit 1,9.12,869
159,127,46,72,28,Unit 2,10.15,1048
152,126,56,49,51,Unit 1,9.38,962
160,126,35,54,46,Unit 1,11.48,623
156,140,41,53,47,Unit 3,14.2,555
156,127,66,64,36,Unit 1,9.69,888
140,129,54,54,46,Unit 3,9.62,905
170,137,43,48,52,Unit 1,13.86,717
170,132,52,52,48,Unit 3,9.54,977
142,129,56,58,42,Unit 2,10.17,1232
145,127,39,41,59,Unit 1,14.53,491
156,144,74,71,29,Unit 3,11.37,841
177,136,42,58,42,Unit 3,12.12,657
176,122,53,65,35,Unit 2,7.74,1369
162,144,57,41,59,Unit 1,12.27,994
175,131,62,71,29,Unit 1,8.37,1008
153,119,44,62,38,Unit 2,12.23,853
148,115,43,68,32,Unit 2,10.45,900
157,136,35,56,44,Unit 1,12.18,788
157,127,57,46,54,Unit 1,9.63,941
166,144,35,58,42,Unit 3,13.97,705
135,133,50,50,50,Unit 2,12.24,1043
159,129,66,60,40,Unit 3,11.77,636
160,117,70,50,50,Unit 3,12.07,535
167,124,45,41,59,Unit 2,15.6,695
176,118,36,50,50,Unit 1,10.8,735
140,129,40,58,42,Unit 3,12.59,643
166,133,45,53,47,Unit 3,14.1,597
156,121,59,47,53,Unit 1,9.32,994
161,117,41,55,45,Unit 1,10.29,790
159,115,70,52,48,Unit 1,10.56,800
165,121,37,66,34,Unit 2,11.11,1060
146,137,36,60,40,Unit 1,12.18,820
179,116,65,67,33,Unit 1,7.37,1011
174,143,36,38,62,Unit 1,16.28,634
148,118,50,59,41,Unit 1,6.17,1132
137,139,54,45,55,Unit 1,12.05,874
141,140,73,56,44,Unit 2,16.23,852
142,140,71,46,54,Unit 2,17.3,610
165,114,63,56,44,Unit 1,9.84,731
154,131,37,57,43,Unit 1,11.8,715
147,120,57,56,44,Unit 1,7.57,1119
179,127,54,69,31,Unit 1,5.37,1361
163,117,57,71,29,Unit 2,6.56,1422
160,121,59,57,43,Unit 3,7.67,949
142,140,48,51,49,Unit 1,13.31,595
146,131,59,58,42,Unit 1,8.44,1180
142,121,65,51,49,Unit 1,12.34,741
141,138,53,44,56,Unit 2,14.52,1063
173,142,44,52,48,Unit 1,12.72,877
164,132,66,51,49,Unit 3,14.34,573
166,126,42,43,57,Unit 2,16.49,684
169,137,60,65,35,Unit 2,9.14,1438
150,134,71,52,48,Unit 1,13.08,748
175,131,44,64,36,Unit 3,10.28,731
172,122,41,54,46,Unit 1,11.58,850
159,118,37,55,45,Unit 2,12.41,872
141,129,53,45,55,Unit 1,10.1,956
167,139,70,46,54,Unit 1,14.93,690
146,116,37,65,35,Unit 3,9.76,647
156,115,65,64,36,Unit 1,8.21,887
163,136,52,64,36,Unit 3,8.1,1084
175,141,45,55,45,Unit 2,14.22,978
172,140,51,39,61,Unit 3,13.09,811
143,136,45,65,35,Unit 1,10.15,832
179,116,64,71,29,Unit 2,9.92,1168
169,128,70,62,38,Unit 3,11.26,746
146,141,45,46,54,Unit 1,14.31,565
161,134,52,66,34,Unit 2,8.39,1363
151,116,73,70,30,Unit 3,9.81,805
143,123,35,40,60,Unit 3,15.2,397
153,139,45,43,57,Unit 1,14.75,608
153,124,42,65,35,Unit 3,10.78,685
179,141,63,43,57,Unit 2,17.45,861
177,116,63,47,53,Unit 2,14.91,846
174,124,62,48,52,Unit 3,13.01,518
164,126,43,71,29,Unit 3,9.01,724
179,130,59,61,39,Unit 2,8.99,1328
145,124,47,57,43,Unit 3,12.35,591
161,140,75,61,39,Unit 1,11.2,920
155,120,58,67,33,Unit 2,7.36,1329
176,143,75,61,39,Unit 3,12.66,792
166,117,39,57,43,Unit 3,11.88,718
160,143,56,40,60,Unit 3,13.45,860
162,129,48,49,51,Unit 2,15.2,752
174,129,41,43,57,Unit 2,17.08,745
138,121,75,44,56,Unit 1,13.25,472
137,139,44,46,54,Unit 2,17.07,773
164,133,51,68,32,Unit 2,8.2,1409
181,116,57,40,60,Unit 1,9.64,980
180,117,40,66,34,Unit 3,9.89,810
137,118,65,61,39,Unit 2,12.71,797
170,133,68,49,51,Unit 3,13.82,642
144,129,44,66,34,Unit 1,9.37,925
171,135,38,64,36,Unit 3,11.87,719
155,141,42,42,58,Unit 1,15.2,590
166,118,40,46,54,Unit 3,12.87,563
156,121,36,72,28,Unit 1,7.69,906
145,123,69,52,48,Unit 1,12.72,600
153,125,40,51,49,Unit 2,15.32,804
155,114,66,67,33,Unit 1,7.85,974
152,126,70,41,59,Unit 2,17.56,603
166,140,74,58,42,Unit 2,14.9,1054
170,142,45,66,34,Unit 2,12.62,1125
155,120,50,61,39,Unit 3,7.54,960
168,124,52,66,34,Unit 2,8.41,1342
143,132,40,69,31,Unit 3,11.9,662
153,134,74,71,29,Unit 3,9.97,800
169,129,47,48,52,Unit 1,12.49,776
166,129,40,64,36,Unit 2,12.28,937
153,116,53,51,49,Unit 1,7.24,1050
148,134,59,54,46,Unit 3,10.66,933
155,141,47,58,42,Unit 3,13.49,693
154,120,42,70,30,Unit 2,10.94,1044
163,136,62,43,57,Unit 2,16.63,808
177,121,42,43,57,Unit 2,14.75,854
156,117,36,42,58,Unit 2,16.24,691
162,119,44,43,57,Unit 3,14.78,396
135,120,70,40,60,Unit 2,16.99,615
171,120,72,39,61,Unit 2,15.2,669
152,119,45,69,31,Unit 2,11.25,963
150,138,61,40,60,Unit 3,17.76,479
159,126,51,38,62,Unit 1,10.68,945
164,129,64,48,52,Unit 2,16.09,831
175,114,42,72,28,Unit 1,7.19,1053
136,130,64,41,59,Unit 3,16.6,340
161,120,39,60,40,Unit 2,13.38,957
176,144,61,51,49,Unit 1,13.05,815
174,126,53,45,55,Unit 3,10.44,928
179,131,48,65,35,Unit 3,10.27,851
175,136,38,56,44,Unit 1,11.22,751
144,132,65,47,53,Unit 3,15.49,485
159,139,48,46,54,Unit 1,13.8,653
174,130,42,46,54,Unit 1,12.82,786
161,140,69,59,41,Unit 3,13.35,695
135,138,62,40,60,Unit 2,18.72,596
181,134,52,50,50,Unit 1,9.26,1175
151,125,58,47,53,Unit 2,11.65,1061
157,127,58,69,31,Unit 1,5.08,1237
157,138,37,55,45,Unit 2,15.17,852
166,141,74,65,35,Unit 3,11.53,749
140,114,35,62,38,Unit 1,9.78,751
181,118,56,38,62,Unit 2,11.62,1145
157,142,74,47,53,Unit 3,15.51,468
150,133,51,54,46,Unit 3,10.23,965
177,121,55,57,43,Unit 2,9.28,1331
137,117,58,60,40,Unit 1,6.84,1070
138,134,62,44,56,Unit 2,17.35,685
161,141,35,60,40,Unit 2,14.42,865
143,117,54,66,34,Unit 1,5.87,1189
180,117,58,45,55,Unit 2,10.74,1084
179,118,60,57,43,Unit 1,6.12,1249
150,119,37,66,34,Unit 3,9.76,716
164,135,55,71,29,Unit 2,8.61,1428
137,143,47,70,30,Unit 2,13.46,1036
147,115,64,57,43,Unit 2,13.43,842
168,140,75,42,58,Unit 2,17.39,701
166,141,52,57,43,Unit 1,8.54,1118
178,126,65,47,53,Unit 1,13.11,776
171,128,37,55,45,Unit 1,10.81,871
137,138,57,70,30,Unit 1,6.27,1186
169,139,51,47,53,Unit 1,10.2,1060
153,119,52,63,37,Unit 3,6.66,1024
146,142,38,72,28,Unit 2,12.15,1028
168,144,47,54,46,Unit 1,12.48,717
166,131,66,42,58,Unit 2,17.01,753
175,134,52,38,62,Unit 2,14.34,1096
146,131,60,69,31,Unit 3,7.05,1117
181,118,35,41,59,Unit 2,14.61,661
165,114,72,64,36,Unit 3,9.74,697
148,138,70,68,32,Unit 2,12.53,1007
151,124,57,47,53,Unit 2,11.44,1012
164,131,46,53,47,Unit 3,12.8,597
142,134,46,60,40,Unit 3,13.61,688
168,142,73,48,52,Unit 3,15.46,568
179,134,43,39,61,Unit 1,14.78,609
161,129,38,67,33,Unit 2,12.07,951
174,124,63,41,59,Unit 3,14.62,455
170,124,36,67,33,Unit 2,11.1,1092
165,117,50,44,56,Unit 2,11.24,1087
158,136,73,70,30,Unit 1,9.21,825
153,136,72,70,30,Unit 1,9.46,1032
161,133,56,47,53,Unit 1,10.16,1028
153,138,60,51,49,Unit 2,12.58,1116
179,134,73,50,50,Unit 1,13.26,731
170,138,49,61,39,Unit 2,13.34,865
166,138,63,70,30,Unit 1,8.96,1067
158,122,60,42,58,Unit 2,12.71,1066
168,119,59,67,33,Unit 2,7.08,1406
138,125,36,46,54,Unit 3,14.32,357
166,142,36,47,53,Unit 2,16.51,785
164,140,51,47,53,Unit 1,10.0,1039
171,127,38,60,40,Unit 3,10.88,700
166,138,38,39,61,Unit 3,17.05,495
178,136,63,49,51,Unit 3,14.32,534
167,124,69,51,49,Unit 1,11.05,720
160,125,69,56,44,Unit 2,13.34,883
149,128,39,61,39,Unit 3,11.36,674
180,137,40,71,29,Unit 3,10.64,880
152,131,71,49,51,Unit 3,13.87,523
150,117,41,57,43,Unit 3,11.11,568
143,120,63,41,59,Unit 3,15.0,306
154,120,68,52,48,Unit 3,13.16,478
164,123,75,54,46,Unit 2,12.79,861
143,122,48,67,33,Unit 2,12.32,1002
160,121,52,67,33,Unit 3,6.26,1131
158,127,67,62,38,Unit 1,10.68,896
176,117,43,66,34,Unit 1,7.85,934
175,134,55,71,29,Unit 1,5.19,1439
169,128,68,61,39,Unit 2,12.89,1072
146,134,74,52,48,Unit 2,16.16,740
173,114,63,63,37,Unit 1,7.95,954
165,115,49,59,41,Unit 2,12.2,950
140,129,74,70,30,Unit 2,11.63,924
169,119,52,60,40,Unit 1,5.52,1287
170,120,50,42,58,Unit 3,10.04,840
168,139,57,46,54,Unit 1,10.35,967
150,114,41,52,48,Unit 3,11.9,536
175,141,67,59,41,Unit 2,14.79,912
146,132,38,55,45,Unit 2,15.14,907
141,115,74,60,40,Unit 1,10.19,737
173,122,38,40,60,Unit 1,14.08,656
172,141,63,58,42,Unit 2,15.05,961
179,142,36,58,42,Unit 1,12.45,827
172,139,42,55,45,Unit 2,15.79,902
152,125,66,57,43,Unit 1,10.61,752
176,141,40,43,57,Unit 3,16.41,529
162,137,56,59,41,Unit 2,10.83,1269
180,132,43,67,33,Unit 3,10.73,789
145,125,45,46,54,Unit 3,14.53,386
176,138,72,51,49,Unit 3,14.77,670
162,128,38,38,62,Unit 3,16.07,367
181,125,55,51,49,Unit 1,8.19,1163
161,140,62,48,52,Unit 3,14.53,452
144,120,49,46,54,Unit 1,13.04,686
172,122,73,51,49,Unit 2,13.5,875
162,139,74,63,37,Unit 2,13.65,1044
137,129,42,71,29,Unit 3,10.57,787
154,131,43,38,62,Unit 3,16.16,441
178,121,59,58,42,Unit 1,6.3,1232
174,121,47,68,32,Unit 3,9.35,756
166,124,58,52,48,Unit 1,7.91,1127
167,142,43,67,33,Unit 3,11.24,818
165,125,52,69,31,Unit 1,5.21,1333
179,134,59,59,41,Unit 3,8.32,1083
175,120,71,41,59,Unit 3,13.96,409
176,138,44,52,48,Unit 2,15.53,923
151,132,70,60,40,Unit 1,12.07,687
140,131,45,41,59,Unit 2,18.55,665
148,141,43,51,49,Unit 1,14.42,736
181,134,48,46,54,Unit 2,15.7,851
139,130,63,40,60,Unit 1,15.22,517
151,144,71,67,33,Unit 1,11.21,922
179,130,46,47,53,Unit 3,13.45,513
176,128,73,60,40,Unit 3,12.07,780
150,121,52,57,43,Unit 2,9.68,1121
171,140,58,57,43,Unit 2,11.02,1282
150,134,60,38,62,Unit 1,11.77,868
137,115,66,55,45,Unit 1,10.18,649
155,132,59,51,49,Unit 2,11.35,1202
163,143,75,49,51,Unit 3,15.28,575
172,131,47,49,51,Unit 3,13.79,554
162,137,57,71,29,Unit 3,7.37,1190
172,123,53,38,62,Unit 3,11.25,819
146,135,43,61,39,Unit 2,14.28,799
175,140,59,46,54,Unit 2,13.12,1195
174,142,49,54,46,Unit 3,14.15,604
135,144,61,42,58,Unit 2,18.21,654
179,141,68,57,43,Unit 2,15.22,970
136,124,71,57,43,Unit 3,13.06,488
143,131,46,41,59,Unit 2,18.57,520
140,136,43,40,60,Unit 3,17.47,298
146,135,47,59,41,Unit 1,12.65,747
179,134,71,66,34,Unit 3,10.36,793
152,134,39,69,31,Unit 3,11.04,707
178,130,49,59,41,Unit 3,11.83,789
179,124,43,63,37,Unit 2,11.1,1057
171,119,52,43,57,Unit 1,9.36,983
147,130,37,65,35,Unit 1,10.33,892
180,129,38,48,52,Unit 2,15.35,773
148,135,72,54,46,Unit 3,14.24,499
157,142,70,52,48,Unit 2,16.12,859
150,133,44,41,59,Unit 2,17.25,752
143,130,65,67,33,Unit 3,11.68,759
177,139,62,57,43,Unit 3,13.87,712
160,130,41,69,31,Unit 1,9.81,934
175,118,73,57,43,Unit 3,10.73,682
160,131,66,47,53,Unit 3,15.24,569
174,133,39,39,61,Unit 3,15.98,430
137,120,45,71,29,Unit 3,9.69,695
166,127,66,71,29,Unit 2,10.85,1149
177,137,65,47,53,Unit 1,13.44,705
173,119,58,41,59,Unit 1,9.44,1006
150,126,70,42,58,Unit 3,15.02,376
139,139,73,50,50,Unit 1,14.55,645
143,140,51,72,28,Unit 2,8.61,1307
176,137,60,52,48,Unit 3,10.47,1052
147,144,37,51,49,Unit 1,13.8,649
140,140,48,52,48,Unit 2,16.77,840
180,132,73,55,45,Unit 1,11.14,817
171,118,36,71,29,Unit 2,9.28,1119
177,121,37,66,34,Unit 2,11.37,1075
173,140,54,59,41,Unit 2,11.13,1348
154,143,46,38,62,Unit 2,18.99,629
148,115,55,48,52,Unit 3,9.55,854
172,129,58,45,55,Unit 2,12.18,1177
179,136,58,57,43,Unit 3,9.01,1033
136,141,70,55,45,Unit 1,13.63,638
164,135,64,56,44,Unit 3,14.01,604
139,138,65,64,36,Unit 3,11.98,671
165,144,58,38,62,Unit 3,13.25,822
148,136,59,38,62,Unit 3,13.79,720
166,141,70,57,43,Unit 1,12.94,854
144,136,60,45,55,Unit 2,13.68,1089
135,135,35,47,53,Unit 1,13.79,529
170,115,73,47,53,Unit 1,11.49,622
158,118,49,56,44,Unit 3,11.53,644
155,131,48,43,57,Unit 1,14.24,616
150,118,64,48,52,Unit 1,12.42,570
139,136,74,42,58,Unit 1,14.67,483
177,131,54,67,33,Unit 2,7.68,1510
152,143,51,61,39,Unit 1,8.42,1192
176,117,37,40,60,Unit 1,13.27,617
162,114,48,60,40,Unit 3,10.51,624
135,118,42,69,31,Unit 2,11.07,929
139,125,46,71,29,Unit 1,8.81,946
144,124,68,60,40,Unit 2,14.07,902
176,128,74,51,49,Unit 3,13.27,612
137,118,69,58,42,Unit 3,11.42,541
181,114,58,60,40,Unit 2,7.63,1398
146,121,44,64,36,Unit 2,12.01,939
170,137,47,67,33,Unit 2,12.07,1103
142,117,43,70,30,Unit 2,11.26,972
140,118,49,51,49,Unit 2,14.13,771
137,137,39,55,45,Unit 2,14.74,921
139,136,39,62,38,Unit 2,13.8,917
167,137,51,38,62,Unit 2,13.95,1036
155,135,38,51,49,Unit 2,15.69,840
164,129,73,56,44,Unit 1,11.88,805
175,115,62,68,32,Unit 1,7.61,941
175,143,71,55,45,Unit 3,14.18,627
144,133,36,63,37,Unit 2,14.16,849
163,114,42,63,37,Unit 3,9.82,660
152,117,62,45,55,Unit 2,15.31,698
177,115,48,68,32,Unit 1,6.89,996
142,119,44,52,48,Unit 1,11.43,683
148,133,73,64,36,Unit 3,12.4,623
144,124,74,58,42,Unit 2,14.12,863
154,117,48,53,47,Unit 2,13.38,756
169,136,43,63,37,Unit 1,10.56,859
144,134,48,59,41,Unit 2,15.17,838
144,117,69,62,38,Unit 2,12.99,915
181,140,35,55,45,Unit 1,12.03,870
163,136,46,62,38,Unit 3,12.77,646
152,120,58,41,59,Unit 2,12.38,1045
178,132,53,59,41,Unit 3,8.75,1107
148,126,44,50,50,Unit 2,15.68,764
142,127,61,66,34,Unit 1,9.5,907
154,115,61,65,35,Unit 1,8.39,868
169,118,61,54,46,Unit 3,11.45,665
180,126,48,55,45,Unit 1,10.3,852
172,132,38,58,42,Unit 3,11.91,707
137,137,45,58,42,Unit 1,13.13,700
158,123,51,61,39,Unit 3,7.31,1004
160,136,44,65,35,Unit 2,12.2,1038
152,123,75,41,59,Unit 3,15.76,351
143,120,74,47,53,Unit 1,12.92,614
161,119,43,40,60,Unit 1,14.16,557
150,131,73,53,47,Unit 1,12.3,669
144,143,65,71,29,Unit 2,13.28,961
171,136,46,47,53,Unit 1,13.02,638
181,119,38,58,42,Unit 2,12.51,1023
154,139,46,40,60,Unit 2,18.48,700
169,127,37,66,34,Unit 3,10.77,833
156,120,58,69,31,Unit 3,5.98,1128
153,115,41,43,57,Unit 1,13.29,520
174,142,74,47,53,Unit 1,13.87,759
175,124,54,40,60,Unit 3,11.38,821
141,130,35,64,36,Unit 3,11.64,694
141,127,55,60,40,Unit 3,8.78,926
159,139,69,55,45,Unit 3,14.25,586
146,122,56,48,52,Unit 1,9.23,1000
159,115,39,40,60,Unit 2,16.37,701
137,115,74,44,56,Unit 2,15.77,612
164,116,71,40,60,Unit 1,12.86,649
158,121,54,51,49,Unit 1,7.97,1120
148,132,62,58,42,Unit 2,14.84,876
141,123,43,50,50,Unit 3,14.3,409
143,132,61,50,50,Unit 3,15.25,465
141,144,63,66,34,Unit 3,12.96,748
167,124,61,42,58,Unit 2,16.25,805
161,144,41,64,36,Unit 3,12.53,801
135,143,37,58,42,Unit 2,15.72,799
144,138,68,64,36,Unit 3,12.59,623
164,124,38,46,54,Unit 2,15.26,808
156,133,48,61,39,Unit 3,11.72,593
168,132,75,55,45,Unit 1,11.67,772
163,132,37,69,31,Unit 2,11.18,1014
137,133,42,38,62,Unit 1,15.84,376
177,126,67,44,56,Unit 3,15.04,514
153,121,69,70,30,Unit 3,9.32,816
135,128,65,38,62,Unit 3,17.01,277
156,123,45,40,60,Unit 3,15.97,435
153,139,68,54,46,Unit 1,13.48,764
161,127,66,54,46,Unit 3,12.12,600
177,119,71,45,55,Unit 2,14.5,884
167,120,42,43,57,Unit 3,14.11,468
148,128,75,56,44,Unit 3,13.04,601
179,125,62,47,53,Unit 2,15.25,864
169,116,66,38,62,Unit 3,14.61,479
168,134,57,63,37,Unit 1,6.46,1264
180,136,55,56,44,Unit 3,9.59,1023
176,116,75,71,29,Unit 1,6.81,1025
147,126,73,47,53,Unit 2,16.17,801
175,129,44,52,48,Unit 2,14.38,879
136,123,39,57,43,Unit 3,12.2,584
155,118,69,56,44,Unit 2,12.46,839
174,137,35,58,42,Unit 2,14.89,961
155,142,53,41,59,Unit 2,13.9,1066
178,125,43,42,58,Unit 3,13.83,570
160,118,52,64,36,Unit 2,8.02,1417
138,119,39,50,50,Unit 1,12.92,663
136,139,66,71,29,Unit 3,11.61,739
138,141,41,68,32,Unit 2,13.17,988
168,144,57,50,50,Unit 2,12.45,1310
151,139,64,40,60,Unit 1,16.23,635
157,133,35,52,48,Unit 1,12.25,713
159,136,47,62,38,Unit 3,12.65,694
143,121,74,50,50,Unit 3,12.98,508
156,123,37,43,57,Unit 1,13.14,569
170,117,60,65,35,Unit 1,4.62,1231
177,142,68,58,42,Unit 3,13.39,687
165,132,63,44,56,Unit 2,16.23,736
168,141,65,71,29,Unit 2,11.65,1192
146,130,46,48,52,Unit 3,14.51,461
138,134,44,70,30,Unit 2,12.53,1034
173,121,54,70,30,Unit 2,6.35,1453
171,132,51,58,42,Unit 1,7.96,1225
137,141,51,47,53,Unit 3,12.37,787
147,137,73,54,46,Unit 1,12.43,639
161,114,66,44,56,Unit 3,13.85,481
169,120,49,63,37,Unit 1,9.43,936
175,142,51,60,40,Unit 2,11.05,1439
160,123,74,59,41,Unit 3,11.24,619
159,137,61,49,51,Unit 2,15.59,696
150,124,58,46,54,Unit 2,12.5,1029
149,121,48,39,61,Unit 3,15.35,436
152,129,41,40,60,Unit 1,14.86,641
139,132,72,47,53,Unit 3,15.67,413
143,119,63,50,50,Unit 3,12.83,438
180,121,47,47,53,Unit 2,14.68,821
174,139,64,54,46,Unit 1,13.29,864
156,140,64,40,60,Unit 1,16.19,656
155,133,55,50,50,Unit 3,10.78,862
152,140,61,45,55,Unit 2,17.94,718
180,138,63,67,33,Unit 3,11.42,782
153,119,67,72,28,Unit 3,9.84,837
179,140,39,48,52,Unit 3,15.44,621
171,143,49,64,36,Unit 2,13.73,1065
167,140,60,43,57,Unit 1,11.14,1010
147,116,72,55,45,Unit 3,11.92,607
135,119,56,38,62,Unit 1,11.24,859
148,117,54,61,39,Unit 2,9.09,1220
180,135,40,64,36,Unit 2,12.4,1013
141,116,61,45,55,Unit 1,13.43,461
142,123,67,47,53,Unit 2,15.11,769
158,132,60,62,38,Unit 2,9.16,1314
143,124,70,68,32,Unit 1,9.56,809
137,144,68,50,50,Unit 1,15.15,726
171,128,43,53,47,Unit 2,14.53,876
159,120,55,58,42,Unit 1,6.75,1141
140,132,58,69,31,Unit 1,6.36,1216
152,117,47,65,35,Unit 3,9.37,678
158,117,46,54,46,Unit 2,13.96,903
156,138,60,55,45,Unit 1,9.0,1043
159,115,40,52,48,Unit 3,12.77,484
136,131,42,56,44,Unit 2,15.57,705
142,141,42,69,31,Unit 1,11.38,979
177,138,71,72,28,Unit 2,12.21,1231
178,128,72,41,59,Unit 2,15.66,699
150,114,72,47,53,Unit 1,12.3,511
172,135,69,49,51,Unit 3,14.79,503
181,142,72,65,35,Unit 2,13.5,1174
167,133,39,58,42,Unit 3,12.44,586
180,114,72,65,35,Unit 2,10.4,1076
151,139,44,68,32,Unit 1,9.81,885
180,128,51,70,30,Unit 1,4.61,1452
180,121,40,43,57,Unit 3,13.52,490
174,119,71,50,50,Unit 1,11.17,768
135,136,55,68,32,Unit 2,9.76,1311
139,120,61,63,37,Unit 1,9.54,775
148,125,70,52,48,Unit 2,14.65,747
139,117,42,54,46,Unit 1,11.05,636
177,143,43,67,33,Unit 2,13.4,992
180,120,59,68,32,Unit 3,5.27,1233
170,120,37,67,33,Unit 1,8.32,939
152,133,61,40,60,Unit 1,14.75,567
170,126,39,55,45,Unit 1,11.05,807
142,116,73,66,34,Unit 1,8.42,779
165,126,51,45,55,Unit 1,9.72,1029
150,138,64,53,47,Unit 1,13.82,688
161,116,73,57,43,Unit 3,10.55,539
178,118,70,66,34,Unit 2,9.69,1093
165,115,71,70,30,Unit 1,6.8,921
137,134,65,51,49,Unit 2,16.37,789
166,126,36,64,36,Unit 1,9.72,821
160,127,65,59,41,Unit 3,11.79,689
181,141,44,70,30,Unit 2,12.24,1087
172,126,37,60,40,Unit 1,10.07,837
148,120,37,52,48,Unit 3,13.0,498
168,142,70,40,60,Unit 1,15.78,742
145,131,43,72,28,Unit 3,9.84,741
151,125,68,50,50,Unit 2,15.45,787
154,143,57,61,39,Unit 1,8.31,1198
176,132,56,57,43,Unit 3,8.57,1051
156,128,59,60,40,Unit 1,6.93,1221
151,138,35,58,42,Unit 3,13.56,631
156,135,68,72,28,Unit 1,9.23,1095
153,144,65,43,57,Unit 1,15.93,606
168,129,49,54,46,Unit 2,13.58,940
171,144,74,40,60,Unit 1,16.23,649
150,130,52,68,32,Unit 2,8.61,1363
169,126,58,45,55,Unit 3,10.73,859
159,134,48,43,57,Unit 1,14.59,520
153,130,72,44,56,Unit 2,16.96,799
164,117,47,46,54,Unit 2,14.23,737
170,134,38,51,49,Unit 3,14.42,625
138,136,63,58,42,Unit 2,15.39,831
163,127,53,40,60,Unit 3,11.88,825
177,123,47,57,43,Unit 2,12.82,970
147,141,43,54,46,Unit 3,14.0,567
181,141,44,71,29,Unit 1,9.08,1135
144,116,67,50,50,Unit 2,14.3,761
167,125,52,60,40,Unit 1,6.76,1229
161,120,59,59,41,Unit 3,7.68,963
141,143,66,40,60,Unit 3,17.86,417
142,121,40,43,57,Unit 3,14.74,448
161,134,54,61,39,Unit 1,7.83,1209
163,132,70,46,54,Unit 1,14.06,687
161,141,56,47,53,Unit 1,10.58,1064
135,121,57,49,51,Unit 1,8.71,968
148,139,38,57,43,Unit 1,13.0,756
166,142,51,49,51,Unit 1,10.44,1075
147,138,58,43,57,Unit 1,11.99,860
147,120,38,55,45,Unit 3,12.9,532
163,130,74,68,32,Unit 2,11.92,954
162,141,43,67,33,Unit 3,11.52,801
151,128,61,48,52,Unit 3,14.7,566
139,135,47,43,57,Unit 2,17.77,687
150,142,57,42,58,Unit 3,12.76,762
166,137,40,70,30,Unit 2,11.44,1016
137,139,46,64,36,Unit 2,13.71,873
168,125,46,52,48,Unit 1,12.38,625
158,125,65,41,59,Unit 3,14.54,404
173,126,48,38,62,Unit 1,14.59,645
141,127,52,45,55,Unit 2,13.21,1097
153,120,48,65,35,Unit 1,9.16,909
152,135,37,59,41,Unit 2,13.62,843
173,136,44,40,60,Unit 3,16.76,425
136,115,60,45,55,Unit 2,11.97,1043
136,122,43,57,43,Unit 3,13.26,537
175,123,45,66,34,Unit 2,11.32,1079
151,137,36,64,36,Unit 3,11.32,662
154,122,45,57,43,Unit 2,13.24,839
165,134,72,51,49,Unit 3,14.1,574
167,133,35,54,46,Unit 1,12.27,863
164,143,72,64,36,Unit 3,11.91,765
164,116,58,65,35,Unit 2,6.63,1348
180,121,64,50,50,Unit 3,12.61,570
139,144,45,51,49,Unit 3,16.04,572
181,123,69,44,56,Unit 1,12.47,720
146,141,59,66,34,Unit 3,9.05,1047
159,142,75,41,59,Unit 2,17.7,768
146,119,65,55,45,Unit 2,13.63,856
157,135,75,54,46,Unit 3,13.68,568
156,132,42,50,50,Unit 3,13.68,574
177,137,38,72,28,Unit 1,9.04,998
165,122,46,72,28,Unit 2,10.1,1032
146,114,74,62,38,Unit 1,9.68,876
164,127,58,42,58,Unit 3,11.32,806
164,121,44,45,55,Unit 2,15.43,707
162,140,54,58,42,Unit 2,10.97,1259
156,119,61,46,54,Unit 1,13.34,557
155,122,65,54,46,Unit 2,13.47,814
157,135,54,49,51,Unit 1,10.38,1028
141,117,49,45,55,Unit 1,13.05,576
180,139,42,72,28,Unit 1,9.55,990
147,132,36,44,56,Unit 1,13.87,647
166,120,61,49,51,Unit 3,12.39,497
180,132,40,43,57,Unit 3,15.25,536
160,143,46,68,32,Unit 2,13.19,1085
162,134,37,45,55,Unit 3,15.27,459
164,124,43,71,29,Unit 1,8.32,1012
142,133,59,55,45,Unit 2,11.57,1092
142,143,75,43,57,Unit 1,15.25,550
159,134,55,52,48,Unit 3,10.12,982
167,115,48,62,38,Unit 2,11.42,1008
142,134,62,50,50,Unit 2,16.88,786
163,144,58,67,33,Unit 1,6.84,1334
169,134,58,40,60,Unit 1,11.02,1022
144,135,36,56,44,Unit 3,13.9,559
143,132,50,42,58,Unit 2,14.01,974
169,132,54,58,42,Unit 1,7.54,1124
140,120,43,49,51,Unit 2,15.05,606
139,117,60,63,37,Unit 3,7.45,1001
172,116,39,49,51,Unit 1,11.5,691
181,126,45,38,62,Unit 1,14.48,716
173,130,66,69,31,Unit 3,9.97,775
168,123,48,66,34,Unit 1,8.69,915
137,114,66,72,28,Unit 2,10.68,968
177,126,71,52,48,Unit 2,13.97,872
158,117,39,63,37,Unit 1,8.93,744
178,130,71,46,54,Unit 3,14.07,520
144,124,72,58,42,Unit 3,11.86,639
170,123,54,43,57,Unit 1,9.45,1089
147,140,67,50,50,Unit 3,15.34,558
144,135,52,42,58,Unit 2,14.32,1036
153,142,35,54,46,Unit 1,13.09,776
152,128,50,56,44,Unit 2,10.5,1167
144,116,74,60,40,Unit 1,9.47,858
174,126,75,70,30,Unit 3,9.0,853
167,132,66,46,54,Unit 3,15.5,528
171,116,55,48,52,Unit 1,7.56,1022
141,141,73,55,45,Unit 2,15.81,877
151,134,57,59,41,Unit 3,8.77,996
174,137,59,49,51,Unit 3,11.19,1004
172,133,45,67,33,Unit 3,11.47,795
168,123,37,63,37,Unit 2,11.86,1040
140,124,61,69,31,Unit 2,11.92,954
144,125,63,59,41,Unit 3,12.66,587
149,144,66,70,30,Unit 1,11.19,976
143,124,36,42,58,Unit 1,14.47,627
173,133,68,48,52,Unit 1,12.47,714
164,123,40,60,40,Unit 1,9.64,830
174,119,74,51,49,Unit 1,11.32,816
162,120,64,53,47,Unit 3,12.31,651
165,138,46,45,55,Unit 3,15.3,459
140,124,42,41,59,Unit 3,14.98,391
160,135,56,67,33,Unit 3,7.84,1153
176,142,73,52,48,Unit 1,13.37,899
167,138,63,38,62,Unit 2,18.77,630
154,134,44,53,47,Unit 2,15.65,837
181,128,55,38,62,Unit 2,13.43,1128
172,133,69,52,48,Unit 3,13.68,614
173,144,41,69,31,Unit 3,11.92,902
180,140,56,54,46,Unit 2,10.72,1305
167,143,62,41,59,Unit 2,18.04,665
156,136,48,46,54,Unit 1,14.93,636
136,138,45,53,47,Unit 2,16.5,812
159,116,58,40,60,Unit 1,10.13,859
152,140,45,68,32,Unit 1,10.34,1030
168,130,58,42,58,Unit 3,11.92,843
139,131,47,62,38,Unit 2,12.97,853
143,128,53,69,31,Unit 2,8.82,1376
172,136,51,62,38,Unit 1,6.95,1215
151,130,45,54,46,Unit 1,12.0,675
176,135,50,72,28,Unit 3,5.94,1237
177,141,51,43,57,Unit 2,13.58,1200
152,140,43,58,42,Unit 2,15.49,904
179,127,49,42,58,Unit 1,12.84,731
178,134,73,70,30,Unit 3,10.79,843
147,119,59,53,47,Unit 2,10.0,1155
180,141,43,58,42,Unit 3,13.61,745
142,122,37,67,33,Unit 3,11.35,694
173,144,67,50,50,Unit 3,15.51,662
165,122,37,67,33,Unit 3,10.63,738
162,144,36,48,52,Unit 3,16.29,530
175,140,60,59,41,Unit 2,10.04,1307
149,136,40,52,48,Unit 2,16.01,869
149,115,44,63,37,Unit 3,9.99,690
177,117,40,61,39,Unit 3,10.28,667
146,119,39,48,52,Unit 3,14.17,515
175,127,46,54,46,Unit 2,13.06,1017
180,142,53,70,30,Unit 3,6.81,1297
140,132,39,70,30,Unit 2,12.26,971
162,137,55,67,33,Unit 2,8.79,1413
165,137,36,42,58,Unit 2,17.8,806
181,133,46,72,28,Unit 2,10.15,1168
178,133,66,72,28,Unit 2,10.27,1127
174,137,46,63,37,Unit 2,12.51,933
140,144,61,66,34,Unit 1,11.34,722
162,129,44,57,43,Unit 3,11.93,630
151,143,38,57,43,Unit 2,15.14,791
144,128,74,48,52,Unit 2,15.9,793
168,140,45,47,53,Unit 3,15.53,528
135,117,52,47,53,Unit 1,9.54,967
181,140,41,59,41,Unit 1,12.33,914
147,121,61,72,28,Unit 2,10.81,1121
149,140,42,66,34,Unit 3,12.81,650
172,127,58,70,30,Unit 3,6.32,1143
145,137,47,55,45,Unit 1,13.21,616
165,116,50,60,40,Unit 2,8.38,1226
137,114,48,46,54,Unit 3,13.21,398
177,118,52,70,30,Unit 1,3.31,1391
144,137,62,51,49,Unit 1,13.97,635
148,127,41,48,52,Unit 3,14.79,480
158,126,48,57,43,Unit 3,11.56,556
136,115,38,54,46,Unit 2,14.06,766
137,118,36,49,51,Unit 3,13.56,496
151,124,62,41,59,Unit 3,15.43,380
139,132,53,53,47,Unit 2,11.13,1099
148,136,42,48,52,Unit 1,14.36,551
144,127,36,57,43,Unit 2,14.14,832
148,129,57,66,34,Unit 1,6.44,1246
138,134,74,38,62,Unit 1,15.71,507
136,139,54,47,53,Unit 2,13.71,1090
164,128,74,51,49,Unit 1,12.79,735
167,119,60,71,29,Unit 1,3.79,1428
146,118,55,52,48,Unit 1,8.31,988
138,135,36,65,35,Unit 3,12.77,610
174,119,46,70,30,Unit 2,10.1,1074
138,119,49,58,42,Unit 3,12.48,496
153,127,72,45,55,Unit 1,13.48,542
176,138,61,68,32,Unit 2,12.79,1151
139,130,45,65,35,Unit 1,9.92,717
165,124,69,44,56,Unit 2,15.15,808
164,116,40,61,39,Unit 3,10.03,608
181,132,51,51,49,Unit 1,8.62,1109
141,126,68,44,56,Unit 3,15.56,340
142,133,61,54,46,Unit 3,14.23,476
166,136,42,69,31,Unit 3,10.86,755
181,143,62,55,45,Unit 2,14.15,960
142,139,35,55,45,Unit 1,12.84,704
137,117,74,42,58,Unit 2,15.63,563
160,114,44,46,54,Unit 3,13.41,518
156,137,59,56,44,Unit 1,8.5,1108
164,123,63,52,48,Unit 1,10.81,820
166,131,49,46,54,Unit 3,14.03,597
165,127,74,71,29,Unit 2,11.55,1114
178,143,49,52,48,Unit 2,15.72,932
137,125,42,71,29,Unit 3,10.84,772
146,140,60,72,28,Unit 2,9.62,1369
171,126,36,44,56,Unit 2,16.36,848
181,115,43,40,60,Unit 2,14.98,759
157,139,47,72,28,Unit 1,9.06,971
154,130,39,41,59,Unit 1,15.22,555
147,116,39,57,43,Unit 3,12.11,601
180,134,65,41,59,Unit 3,15.35,512
145,123,72,51,49,Unit 2,14.9,742
151,143,69,67,33,Unit 2,13.42,1013
138,140,51,54,46,Unit 3,10.74,917
169,122,73,68,32,Unit 2,10.2,926
141,127,35,59,41,Unit 3,13.06,574
165,130,65,45,55,Unit 3,14.8,471
171,128,69,41,59,Unit 1,14.03,610
149,121,72,47,53,Unit 2,15.81,706
161,123,40,55,45,Unit 2,14.49,853
171,124,75,60,40,Unit 2,12.93,971
150,117,40,62,38,Unit 1,8.87,818
152,125,64,61,39,Unit 2,12.34,914
169,130,63,68,32,Unit 1,9.96,932
151,121,67,71,29,Unit 3,9.54,799
173,140,72,64,36,Unit 3,12.0,749
146,114,41,43,57,Unit 1,12.34,657
180,131,40,59,41,Unit 3,12.42,716
173,124,61,38,62,Unit 2,15.89,711
167,123,52,52,48,Unit 1,7.5,1062
150,131,63,47,53,Unit 1,14.1,649
153,129,41,49,51,Unit 2,14.94,686
146,133,73,58,42,Unit 1,11.99,785
166,133,65,43,57,Unit 1,13.78,612
166,133,45,55,45,Unit 3,12.53,610
155,115,50,52,48,Unit 2,10.2,1215
150,123,65,62,38,Unit 1,10.53,770
163,135,62,47,53,Unit 2,15.51,828
143,116,37,40,60,Unit 1,13.16,483
172,131,54,53,47,Unit 1,8.09,1165
138,130,46,43,57,Unit 2,17.28,688
136,119,37,71,29,Unit 3,9.68,764
169,142,39,40,60,Unit 3,16.86,527
152,138,58,52,48,Unit 3,10.85,965
157,130,45,59,41,Unit 1,11.3,841
165,127,50,41,59,Unit 3,11.18,771
140,140,66,46,54,Unit 1,15.3,587
135,118,60,43,57,Unit 2,13.33,1039
176,130,63,67,33,Unit 2,12.12,1057
172,131,69,52,48,Unit 3,13.04,616
181,131,52,67,33,Unit 2,7.97,1433
155,121,64,43,57,Unit 1,13.01,557
179,124,64,45,55,Unit 1,12.48,726
155,120,54,45,55,Unit 2,11.82,1035
174,133,62,53,47,Unit 3,13.17,574
166,114,64,62,38,Unit 2,12.06,994
163,126,73,63,37,Unit 3,10.19,628
169,135,75,68,32,Unit 3,11.37,750
169,124,55,66,34,Unit 1,5.62,1274
141,139,49,55,45,Unit 1,13.42,708
151,122,46,44,56,Unit 1,13.75,618
172,137,64,61,39,Unit 2,13.52,1002
174,120,70,71,29,Unit 2,10.48,1050
138,116,64,68,32,Unit 1,8.31,946
160,117,58,70,30,Unit 3,5.68,1134
170,123,41,71,29,Unit 2,10.59,1089
149,137,59,53,47,Unit 2,12.26,1135
160,128,75,40,60,Unit 2,16.53,647
143,143,69,54,46,Unit 2,16.15,883
171,134,43,59,41,Unit 2,13.97,994
178,122,55,51,49,Unit 3,9.11,971
141,118,74,57,43,Unit 2,13.65,880
177,144,39,59,41,Unit 3,13.06,774
148,119,61,50,50,Unit 1,11.5,686
176,115,74,65,35,Unit 2,10.74,1064
159,135,55,53,47,Unit 1,9.34,1211
154,139,71,68,32,Unit 3,11.98,781
142,121,72,39,61,Unit 2,16.5,583
137,140,46,54,46,Unit 2,15.62,836
141,140,59,72,28,Unit 1,6.41,1256
172,126,41,56,44,Unit 2,12.42,963
159,136,52,58,42,Unit 2,10.85,1291
171,137,70,60,40,Unit 3,13.1,739
172,130,40,65,35,Unit 3,10.19,731
138,136,71,40,60,Unit 3,17.39,302
158,131,63,41,59,Unit 2,16.13,772
164,133,43,51,49,Unit 3,14.4,563
150,115,48,46,54,Unit 3,12.82,368
153,141,64,57,43,Unit 1,13.67,764
153,128,54,43,57,Unit 1,11.02,982
181,144,46,43,57,Unit 2,17.38,878
168,130,59,47,53,Unit 1,9.9,1049
166,138,52,62,38,Unit 2,9.94,1416
143,142,67,67,33,Unit 3,11.87,795
156,122,74,67,33,Unit 1,8.41,814
167,123,35,60,40,Unit 3,10.71,648
164,134,64,60,40,Unit 3,13.1,651
177,121,66,55,45,Unit 3,11.25,710
154,130,64,67,33,Unit 1,9.25,882
156,135,44,65,35,Unit 2,12.52,1063
173,140,75,70,30,Unit 1,9.68,1002
144,139,51,63,37,Unit 2,10.19,1289
176,118,62,41,59,Unit 2,14.83,749
163,130,54,43,57,Unit 3,11.37,872
140,117,42,47,53,Unit 3,13.97,386
174,136,56,42,58,Unit 1,11.31,987
146,134,50,58,42,Unit 2,10.47,1236
162,137,38,40,60,Unit 3,16.82,496
151,124,70,53,47,Unit 1,12.37,708
135,132,37,51,49,Unit 3,14.17,556
170,118,41,49,51,Unit 1,11.39,723
176,134,41,54,46,Unit 2,13.94,888
154,130,56,47,53,Unit 3,11.06,828
156,119,48,48,52,Unit 1,11.65,568
159,126,39,61,39,Unit 2,13.53,916
176,139,39,43,57,Unit 3,16.41,483
168,131,66,68,32,Unit 3,11.32,742
159,119,72,43,57,Unit 1,13.09,645
157,137,62,52,48,Unit 1,12.76,641
158,132,54,54,46,Unit 3,10.05,1010
158,126,63,63,37,Unit 2,12.16,996
137,130,59,55,45,Unit 1,8.62,1111
164,126,44,46,54,Unit 2,15.97,766
171,128,48,63,37,Unit 2,12.03,1029
151,125,54,59,41,Unit 1,6.97,1196
169,133,75,58,42,Unit 1,10.55,863
157,129,66,48,52,Unit 2,15.13,854
171,139,55,72,28,Unit 1,5.38,1345
143,122,52,41,59,Unit 2,13.46,997
176,128,68,55,45,Unit 2,14.61,856
176,134,44,54,46,Unit 1,11.96,795
180,118,53,67,33,Unit 1,4.35,1322
146,139,52,71,29,Unit 3,7.54,1153
145,123,44,65,35,Unit 3,11.17,697
157,124,53,42,58,Unit 1,10.41,972
147,138,73,39,61,Unit 1,16.26,560
170,116,69,40,60,Unit 3,14.3,511
137,134,50,62,38,Unit 1,7.78,1214
153,125,58,72,28,Unit 2,7.83,1364
143,125,49,69,31,Unit 1,9.57,891
169,132,68,72,28,Unit 1,8.17,927
162,132,65,52,48,Unit 3,13.32,533
165,128,57,56,44,Unit 3,8.78,1030
155,114,68,54,46,Unit 1,11.0,638
136,133,71,62,38,Unit 3,12.68,580
160,133,48,72,28,Unit 1,9.24,913
155,117,51,50,50,Unit 3,9.81,845
150,120,64,50,50,Unit 2,14.62,794
162,131,38,57,43,Unit 1,12.38,779
171,135,45,56,44,Unit 1,12.44,912
181,133,69,51,49,Unit 2,15.59,910
149,136,62,68,32,Unit 3,11.34,738
169,141,49,52,48,Unit 3,14.12,554
157,115,35,50,50,Unit 1,11.3,756
143,142,68,53,47,Unit 1,13.37,692
153,134,39,72,28,Unit 3,9.75,781
168,118,66,42,58,Unit 1,13.4,700
144,140,52,55,45,Unit 2,11.41,1152
168,115,71,58,42,Unit 1,9.79,867
157,141,64,66,34,Unit 2,13.62,932
169,121,74,66,34,Unit 1,9.38,975
147,120,45,72,28,Unit 1,7.99,1024
151,137,57,49,51,Unit 1,10.76,1093
145,128,71,67,33,Unit 2,12.14,847
165,135,58,43,57,Unit 1,11.1,992
161,123,71,67,33,Unit 1,9.42,866
142,138,53,39,61,Unit 2,14.86,1035
169,131,48,52,48,Unit 3,13.45,606
163,138,54,53,47,Unit 2,12.65,1228
140,129,58,65,35,Unit 1,6.76,1250
163,134,56,54,46,Unit 3,10.44,1009
148,138,75,41,59,Unit 1,15.18,549
169,128,63,61,39,Unit 2,13.69,1001
164,115,50,71,29,Unit 1,3.55,1410
136,141,75,49,51,Unit 1,15.15,657
158,129,50,52,48,Unit 3,9.93,954
166,144,41,59,41,Unit 2,14.44,1027
167,126,70,72,28,Unit 1,8.91,1020
152,125,37,54,46,Unit 1,12.12,680
178,119,36,39,61,Unit 2,15.32,663
166,125,46,65,35,Unit 2,12.88,1039
176,144,35,63,37,Unit 3,12.45,823
136,127,48,47,53,Unit 2,16.59,737
165,138,43,71,29,Unit 2,11.39,1161
153,117,61,43,57,Unit 3,13.71,394
179,141,58,60,40,Unit 1,7.59,1262
141,132,68,41,59,Unit 2,18.06,612
174,117,45,62,38,Unit 3,10.71,658
165,125,52,62,38,Unit 1,6.57,1169
175,143,35,62,38,Unit 3,12.49,714
140,136,59,41,59,Unit 2,14.61,976
159,144,42,71,29,Unit 3,12.11,835
156,128,44,48,52,Unit 1,13.64,685
162,127,62,54,46,Unit 2,14.66,775
146,116,37,51,49,Unit 2,14.94,688
170,123,73,39,61,Unit 1,14.09,584
181,129,63,69,31,Unit 1,8.06,1058
171,132,74,54,46,Unit 1,11.25,746
138,116,66,56,44,Unit 3,11.9,470
177,119,61,72,28,Unit 1,7.93,983
146,135,71,69,31,Unit 3,11.62,711
153,122,63,65,35,Unit 2,10.87,1044
175,131,65,68,32,Unit 1,9.6,921
146,119,46,51,49,Unit 2,15.0,791
176,120,68,62,38,Unit 1,8.73,885
138,129,63,70,30,Unit 2,12.6,888
144,135,43,66,34,Unit 2,13.51,985
154,130,40,44,56,Unit 1,14.11,724
167,117,36,46,54,Unit 2,15.03,721
144,143,55,51,49,Unit 3,12.04,884
169,124,67,44,56,Unit 1,13.57,704
137,128,48,51,49,Unit 2,15.21,657
144,127,60,60,40,Unit 1,7.89,1115
170,118,43,69,31,Unit 1,8.03,968
136,123,51,64,36,Unit 3,7.31,1034
177,115,49,55,45,Unit 1,9.6,826
171,143,39,70,30,Unit 1,9.9,1049
143,142,66,72,28,Unit 3,11.65,809
175,133,51,70,30,Unit 2,7.41,1452
139,130,40,54,46,Unit 2,15.03,762
160,127,62,53,47,Unit 2,14.52,915
164,136,59,56,44,Unit 1,8.34,1087
135,118,51,50,50,Unit 1,8.37,1019
164,124,58,39,61,Unit 2,13.55,1078
135,130,61,44,56,Unit 3,16.0,347
136,117,71,66,34,Unit 3,10.85,565
159,141,66,41,59,Unit 1,14.93,706
157,144,40,38,62,Unit 3,18.09,340
170,119,47,59,41,Unit 3,10.97,709
164,133,45,64,36,Unit 3,11.35,737
143,115,40,66,34,Unit 3,10.27,604
172,115,37,41,59,Unit 2,15.78,692
148,126,39,70,30,Unit 3,10.3,678
174,129,58,58,42,Unit 1,7.39,1237
181,117,52,45,55,Unit 3,9.82,964
177,132,60,42,58,Unit 2,13.31,1098
137,119,68,48,52,Unit 3,14.04,466
144,128,75,64,36,Unit 2,13.03,996
153,120,64,56,44,Unit 3,11.37,607
181,144,45,50,50,Unit 1,14.08,925
149,132,50,72,28,Unit 1,6.01,1348
168,134,53,53,47,Unit 1,9.1,1158
173,136,61,44,56,Unit 1,13.91,677
159,123,47,54,46,Unit 3,12.76,516
144,139,45,40,60,Unit 3,16.99,345
138,138,58,52,48,Unit 1,10.25,1040
154,123,43,56,44,Unit 1,10.74,732
181,131,65,40,60,Unit 1,14.26,602
173,122,49,46,54,Unit 2,15.34,865
135,133,38,52,48,Unit 1,13.84,668
166,132,55,70,30,Unit 3,6.82,1200
171,117,52,46,54,Unit 3,9.58,876
156,117,74,52,48,Unit 3,12.63,620
157,124,40,57,43,Unit 2,13.11,819
171,132,40,38,62,Unit 2,17.61,702
181,127,71,63,37,Unit 1,9.03,980
161,139,55,46,54,Unit 1,10.6,1041
139,116,73,47,53,Unit 3,14.14,454
170,121,74,43,57,Unit 3,13.85,468
159,142,48,53,47,Unit 2,15.36,887
139,141,55,38,62,Unit 3,14.05,694
177,126,61,47,53,Unit 3,14.09,512
164,141,70,45,55,Unit 2,16.62,758
155,127,55,39,61,Unit 3,12.02,710
149,114,38,59,41,Unit 2,12.95,855
172,117,46,53,47,Unit 1,10.57,849
181,127,41,53,47,Unit 3,12.91,592
181,142,35,62,38,Unit 1,11.44,996
135,135,48,71,29,Unit 2,12.43,947
146,115,50,51,49,Unit 1,7.78,1118
148,117,52,67,33,Unit 1,5.18,1132
181,140,65,60,40,Unit 3,11.9,783
142,122,63,59,41,Unit 3,12.13,607
155,128,54,49,51,Unit 2,12.1,1149
153,125,51,53,47,Unit 1,8.2,1070
142,122,74,67,33,Unit 1,8.43,712
152,122,35,43,57,Unit 1,13.03,611
168,136,52,68,32,Unit 3,7.36,1211
172,134,51,42,58,Unit 1,11.48,1073
149,125,72,52,48,Unit 2,15.09,863
173,124,41,69,31,Unit 1,8.43,941
146,125,41,41,59,Unit 3,15.6,413
138,143,46,45,55,Unit 1,14.78,586
138,139,44,68,32,Unit 2,12.61,885
142,118,74,60,40,Unit 2,12.56,811
159,143,41,55,45,Unit 1,13.33,798
164,128,44,70,30,Unit 3,9.92,705
163,127,40,44,56,Unit 3,14.14,526
175,138,59,38,62,Unit 3,13.14,854
142,133,61,55,45,Unit 3,13.86,561
140,128,71,61,39,Unit 3,11.62,556
179,139,69,62,38,Unit 3,12.76,740
168,138,58,48,52,Unit 1,9.66,991
163,143,56,56,44,Unit 3,10.65,999
160,141,74,42,58,Unit 2,17.23,693
156,143,53,54,46,Unit 1,9.71,1081
136,134,38,56,44,Unit 1,12.09,688
153,127,65,50,50,Unit 1,11.98,745
139,124,39,51,49,Unit 2,15.22,794
165,143,67,64,36,Unit 3,13.33,749
154,126,37,58,42,Unit 1,10.58,774
173,138,37,48,52,Unit 2,16.1,867
169,118,40,45,55,Unit 1,12.81,636
161,142,47,59,41,Unit 3,13.12,671
170,141,75,52,48,Unit 1,13.58,768
174,135,64,52,48,Unit 1,12.66,782
138,139,36,38,62,Unit 2,19.8,549
181,138,39,66,34,Unit 2,12.93,1010
171,139,57,72,28,Unit 1,6.16,1329
179,134,48,56,44,Unit 3,12.85,607
162,121,66,59,41,Unit 2,11.72,967
149,134,39,68,32,Unit 2,12.12,994
169,120,49,50,50,Unit 2,13.8,822
160,128,60,45,55,Unit 3,10.39,831
145,140,64,53,47,Unit 3,13.95,549
155,129,46,60,40,Unit 2,13.46,916
174,115,44,51,49,Unit 3,12.28,603
138,141,57,59,41,Unit 2,10.91,1204
145,143,65,66,34,Unit 2,13.27,994
152,134,65,63,37,Unit 1,11.28,736
144,133,57,48,52,Unit 2,12.83,1039
154,130,39,54,46,Unit 2,14.63,903
146,132,75,68,32,Unit 3,11.37,632
139,135,57,54,46,Unit 3,10.9,895
174,118,67,59,41,Unit 1,8.77,954
146,144,50,43,57,Unit 1,11.84,1048
142,118,41,53,47,Unit 1,11.33,593
154,129,48,50,50,Unit 3,13.32,561
154,135,48,44,56,Unit 1,13.88,639
148,125,45,69,31,Unit 3,10.33,713
147,141,67,41,59,Unit 1,15.73,467
172,117,51,39,61,Unit 3,10.98,801
138,135,39,46,54,Unit 3,16.07,407
164,134,75,69,31,Unit 3,10.68,791
171,115,58,57,43,Unit 3,7.2,1013
170,124,44,66,34,Unit 1,8.51,929
137,114,62,72,28,Unit 3,9.09,760
173,121,59,38,62,Unit 3,11.76,803
173,124,65,70,30,Unit 2,11.04,1163
152,119,47,51,49,Unit 2,13.56,779
144,128,59,72,28,Unit 3,6.99,1143
181,132,61,70,30,Unit 1,9.03,1028
142,138,72,62,38,Unit 3,13.85,728
156,119,45,47,53,Unit 3,13.91,457
145,116,51,66,34,Unit 2,7.49,1288
142,115,49,62,38,Unit 2,12.32,902
143,140,54,72,28,Unit 2,8.67,1406
169,125,63,60,40,Unit 3,11.64,729
174,143,47,57,43,Unit 1,12.67,806
135,134,66,47,53,Unit 3,15.47,437
153,130,70,44,56,Unit 1,13.45,606
151,125,48,64,36,Unit 3,10.99,696
138,140,46,50,50,Unit 3,15.38,417
168,129,52,68,32,Unit 2,7.06,1435
163,122,50,57,43,Unit 2,9.58,1322
163,128,70,46,54,Unit 2,15.27,709
141,140,44,38,62,Unit 1,16.31,634
137,139,43,72,28,Unit 3,11.76,798
147,115,69,72,28,Unit 3,9.41,804
135,121,47,47,53,Unit 1,13.59,602
180,144,75,71,29,Unit 3,11.65,968
171,118,54,45,55,Unit 1,8.75,1024
168,133,52,55,45,Unit 1,7.98,1251
177,116,52,49,51,Unit 2,10.89,1235
149,136,43,66,34,Unit 1,10.47,874
161,131,40,65,35,Unit 1,9.83,788
136,123,72,63,37,Unit 2,12.22,851
176,141,71,60,40,Unit 2,14.39,1114
179,120,46,59,41,Unit 2,12.68,868
176,143,48,42,58,Unit 1,15.65,740
154,115,36,60,40,Unit 3,11.38,626
143,116,50,61,39,Unit 3,7.41,1004
150,141,55,43,57,Unit 3,13.53,775
176,116,43,65,35,Unit 1,8.52,959
140,140,45,52,48,Unit 1,14.49,621
151,144,54,38,62,Unit 3,14.21,760
136,128,39,46,54,Unit 1,13.45,562
171,134,56,38,62,Unit 2,14.08,1079
150,127,69,67,33,Unit 2,11.54,996
143,128,46,44,56,Unit 2,17.11,676
149,123,68,41,59,Unit 2,16.37,549
161,139,61,54,46,Unit 1,13.35,773
155,133,43,67,33,Unit 3,11.24,696
180,123,53,61,39,Unit 2,8.17,1377
179,114,55,38,62,Unit 3,11.13,850
155,118,70,72,28,Unit 3,8.13,778
177,130,35,42,58,Unit 3,15.69,481
135,142,39,72,28,Unit 2,13.35,978
180,131,56,45,55,Unit 1,9.61,992
137,114,65,58,42,Unit 1,10.91,671
148,119,58,44,56,Unit 3,10.88,788
178,133,73,49,51,Unit 1,13.52,782
163,115,69,68,32,Unit 1,7.18,954
164,125,46,66,34,Unit 2,11.73,1060
143,119,65,41,59,Unit 3,14.21,377
140,116,45,67,33,Unit 1,8.15,806
139,135,40,55,45,Unit 3,13.81,582
180,121,43,41,59,Unit 2,15.99,727
142,116,73,60,40,Unit 2,12.47,886
141,143,73,69,31,Unit 1,11.51,848
176,144,61,68,32,Unit 3,11.07,761
169,137,46,41,59,Unit 2,17.42,669
180,116,55,72,28,Unit 3,3.89,1208
179,131,47,52,48,Unit 2,14.63,972
149,124,39,63,37,Unit 2,13.06,859
136,144,51,70,30,Unit 2,9.79,1396
173,130,44,47,53,Unit 2,15.16,787
169,130,50,49,51,Unit 1,8.96,1162
167,137,58,50,50,Unit 1,9.01,1173
163,141,73,68,32,Unit 2,12.47,1098
152,144,44,57,43,Unit 2,15.35,980
176,126,55,42,58,Unit 1,9.68,983
159,143,63,43,57,Unit 2,17.42,741
146,142,54,70,30,Unit 3,8.11,1094
154,123,62,47,53,Unit 3,14.59,453
164,142,48,41,59,Unit 3,17.59,473
142,116,55,66,34,Unit 3,7.02,993
154,120,50,59,41,Unit 3,8.34,988
174,141,45,44,56,Unit 3,15.73,550
145,120,62,45,55,Unit 3,14.15,405
163,140,52,72,28,Unit 2,8.11,1444
146,117,56,42,58,Unit 3,10.89,808
145,137,42,62,38,Unit 3,13.21,628
172,119,46,63,37,Unit 3,9.61,767
172,133,52,39,61,Unit 3,12.31,803
168,127,55,44,56,Unit 2,12.32,1133
174,141,41,43,57,Unit 1,14.97,629
144,129,40,58,42,Unit 2,13.31,871
181,143,45,59,41,Unit 3,12.29,801
139,125,66,56,44,Unit 3,13.07,536
136,125,46,65,35,Unit 1,9.21,848
150,135,61,43,57,Unit 2,16.95,714
159,134,35,44,56,Unit 3,16.06,436
145,125,58,55,45,Unit 2,10.06,1153
178,121,72,55,45,Unit 3,11.85,625
169,143,44,53,47,Unit 1,12.92,765
135,139,35,44,56,Unit 2,17.88,672
138,128,50,57,43,Unit 2,10.21,1188
149,123,67,56,44,Unit 3,11.89,596
168,127,44,48,52,Unit 2,14.43,832
161,127,71,64,36,Unit 1,10.01,860
139,120,72,52,48,Unit 2,14.05,778
149,142,64,52,48,Unit 2,16.13,873
140,128,72,67,33,Unit 2,12.57,1049
168,139,66,69,31,Unit 1,9.58,853
135,143,48,42,58,Unit 3,16.86,395
145,138,39,64,36,Unit 3,12.84,710
177,144,59,39,61,Unit 1,11.65,1056
155,116,69,57,43,Unit 3,12.1,544
164,114,43,50,50,Unit 1,10.69,669
160,126,52,65,35,Unit 2,8.29,1365
179,122,72,45,55,Unit 2,15.21,740
144,127,39,51,49,Unit 1,12.55,744
174,120,59,41,59,Unit 1,9.69,944
165,134,54,67,33,Unit 2,8.61,1350
147,117,55,62,38,Unit 2,8.18,1194
137,139,63,49,51,Unit 3,15.47,526
139,140,57,53,47,Unit 1,9.77,1089
157,136,51,69,31,Unit 2,8.63,1446
143,132,73,63,37,Unit 2,14.27,914
152,117,71,56,44,Unit 3,11.8,510
177,140,38,55,45,Unit 1,12.19,892
162,124,72,55,45,Unit 3,12.7,651
173,131,62,58,42,Unit 2,12.73,939
147,140,75,62,38,Unit 2,14.74,983
155,134,37,69,31,Unit 3,10.28,770
136,126,67,39,61,Unit 1,14.4,568
163,114,50,70,30,Unit 3,4.92,1128
166,135,71,71,29,Unit 3,9.88,769
145,135,43,71,29,Unit 2,12.32,984
162,117,64,57,43,Unit 1,10.28,669
156,141,67,52,48,Unit 1,14.13,782
178,128,54,67,33,Unit 1,5.42,1379
159,133,40,70,30,Unit 3,9.73,790
180,130,39,42,58,Unit 1,14.36,754
151,140,62,46,54,Unit 2,17.36,672
135,141,75,66,34,Unit 2,13.89,899
140,114,75,38,62,Unit 1,14.4,370
152,139,69,40,60,Unit 1,15.46,536
157,125,50,64,36,Unit 1,5.67,1214
168,123,67,38,62,Unit 1,14.59,610
180,125,67,38,62,Unit 3,15.55,469
150,138,36,46,54,Unit 2,16.62,810
143,124,38,51,49,Unit 1,13.03,699
146,143,57,53,47,Unit 3,11.29,962
163,127,60,64,36,Unit 1,6.4,1270
153,121,53,65,35,Unit 2,7.58,1223
150,144,38,46,54,Unit 3,16.53,437
154,136,74,49,51,Unit 3,15.62,465
153,119,35,48,52,Unit 2,14.88,731
147,138,44,58,42,Unit 3,13.36,653
150,121,66,51,49,Unit 3,13.04,510
156,143,57,72,28,Unit 1,6.42,1291
179,126,64,52,48,Unit 1,11.2,848
144,138,66,71,29,Unit 2,12.4,996
154,124,55,60,40,Unit 1,7.38,1116
171,135,43,48,52,Unit 2,16.35,855
167,142,43,57,43,Unit 3,13.18,677
176,139,62,72,28,Unit 3,9.96,838
163,127,58,55,45,Unit 1,7.45,1152
139,119,67,67,33,Unit 3,10.82,693
179,128,49,62,38,Unit 3,11.22,794
139,115,65,44,56,Unit 2,16.24,574
161,138,67,38,62,Unit 3,16.67,403
150,137,66,61,39,Unit 1,11.14,800
161,117,45,57,43,Unit 2,12.51,912
147,143,65,57,43,Unit 3,14.7,555
164,133,66,39,61,Unit 2,16.98,782
140,140,41,61,39,Unit 2,15.21,843
137,138,38,58,42,Unit 1,13.36,671
156,140,60,48,52,Unit 2,12.87,1152
157,144,64,61,39,Unit 2,14.67,928
153,137,69,58,42,Unit 2,15.51,850
139,138,47,71,29,Unit 3,11.46,802
153,135,36,70,30,Unit 3,10.59,777
154,144,63,38,62,Unit 2,19.81,578
139,129,41,53,47,Unit 3,13.26,566
178,142,62,56,44,Unit 1,11.99,880
176,124,38,60,40,Unit 1,10.52,829
144,118,70,60,40,Unit 3,11.8,595
153,129,59,58,42,Unit 2,10.61,1210
158,142,61,47,53,Unit 1,14.77,750
135,123,41,71,29,Unit 1,8.71,785
175,130,58,44,56,Unit 1,9.84,1011
148,116,75,67,33,Unit 2,10.7,968
166,141,39,64,36,Unit 3,11.98,798
138,142,39,58,42,Unit 1,13.57,865
139,127,74,67,33,Unit 2,12.87,1015
177,116,61,72,28,Unit 2,8.96,1168
172,137,58,41,59,Unit 2,13.87,1090
178,141,42,59,41,Unit 1,11.36,939
155,137,39,72,28,Unit 3,10.21,821
152,117,39,60,40,Unit 3,10.71,571
159,126,72,66,34,Unit 3,11.33,788
147,127,65,72,28,Unit 1,9.21,966
155,128,44,56,44,Unit 1,12.2,783
150,114,49,69,31,Unit 1,7.39,912
162,141,40,67,33,Unit 2,13.73,1119
140,138,42,52,48,Unit 1,13.06,749
152,134,48,40,60,Unit 3,16.17,350
154,134,69,38,62,Unit 2,18.19,586
146,127,59,43,57,Unit 2,12.73,1080
145,139,45,72,28,Unit 1,10.19,1014
149,123,39,40,60,Unit 2,16.85,589
153,117,40,64,36,Unit 1,9.98,851
149,129,53,62,38,Unit 3,8.42,1037
163,121,50,60,40,Unit 2,8.93,1332
158,132,65,53,47,Unit 3,13.47,545
144,129,54,71,29,Unit 1,5.17,1236
155,130,66,39,61,Unit 3,16.27,398
170,137,47,62,38,Unit 3,12.51,727
140,120,45,68,32,Unit 1,9.48,908
151,131,58,70,30,Unit 2,7.95,1386
165,142,37,39,61,Unit 3,17.18,378
141,138,62,42,58,Unit 3,17.34,375
169,134,73,56,44,Unit 3,12.28,621
167,129,44,56,44,Unit 2,13.85,830
157,119,66,54,46,Unit 2,14.35,899
164,123,45,45,55,Unit 3,13.79,525
166,122,42,48,52,Unit 3,13.14,591
166,125,44,64,36,Unit 1,9.63,798
160,115,50,58,42,Unit 2,9.33,1230
140,141,50,38,62,Unit 1,12.86,935
170,116,75,53,47,Unit 3,12.52,623
164,124,47,63,37,Unit 2,12.02,965
161,123,63,51,49,Unit 3,13.57,500
144,127,58,40,60,Unit 1,11.82,876
173,116,52,40,60,Unit 3,10.6,842
137,141,52,43,57,Unit 1,12.62,956
155,114,46,41,59,Unit 2,15.8,661
157,130,62,72,28,Unit 3,9.93,745
181,137,48,62,38,Unit 2,13.06,1072
152,121,66,59,41,Unit 1,10.68,736
167,140,45,48,52,Unit 2,17.1,936
168,127,68,53,47,Unit 2,14.0,905
171,115,49,47,53,Unit 2,14.31,779
138,129,65,58,42,Unit 1,12.43,803
149,122,58,65,35,Unit 2,7.88,1302
181,135,47,64,36,Unit 3,10.68,721
135,128,60,44,56,Unit 1,10.3,898
142,136,47,70,30,Unit 3,11.8,773
167,114,57,51,49,Unit 1,7.7,1182
145,120,73,72,28,Unit 1,7.85,945
136,122,39,57,43,Unit 3,13.13,561
151,141,67,59,41,Unit 3,14.07,591
143,125,62,43,57,Unit 2,16.53,625
173,135,60,43,57,Unit 3,11.3,879
177,120,46,40,60,Unit 2,16.22,719
157,136,42,45,55,Unit 2,16.91,776
156,117,69,71,29,Unit 2,9.81,1119
168,125,41,51,49,Unit 2,14.48,782
141,120,45,51,49,Unit 2,14.52,805
163,140,49,65,35,Unit 2,13.71,1067
135,128,67,58,42,Unit 1,10.98,737
141,125,56,55,45,Unit 3,9.01,925
171,122,43,60,40,Unit 2,12.08,917
158,120,41,72,28,Unit 2,10.47,972
167,137,70,65,35,Unit 1,10.64,851
141,123,59,66,34,Unit 3,7.68,977
179,127,46,44,56,Unit 3,14.38,548
145,127,36,54,46,Unit 2,15.21,869
158,126,55,70,30,Unit 1,4.62,1337
155,119,36,45,55,Unit 1,13.51,659
172,120,40,39,61,Unit 3,14.5,405
146,116,37,51,49,Unit 1,11.61,735
152,129,42,51,49,Unit 1,13.4,648
176,129,64,50,50,Unit 2,15.59,866
163,122,44,55,45,Unit 3,12.16,598
136,132,50,58,42,Unit 3,10.02,963
159,121,65,39,61,Unit 1,13.98,573
169,144,39,57,43,Unit 2,14.75,1014
140,114,60,70,30,Unit 1,4.92,1311
174,123,48,39,61,Unit 2,16.0,690
169,137,58,60,40,Unit 1,8.2,1233
143,138,52,66,34,Unit 1,7.25,1180
163,141,75,66,34,Unit 3,12.39,799
157,131,45,52,48,Unit 2,14.31,872
137,122,60,60,40,Unit 2,9.26,1208
152,121,55,51,49,Unit 1,8.33,1039
174,126,38,49,51,Unit 2,14.53,932
159,128,56,40,60,Unit 1,10.92,1001
166,139,54,48,52,Unit 3,11.19,932
140,138,62,70,30,Unit 1,10.57,878
164,141,58,65,35,Unit 2,9.98,1359
135,130,53,45,55,Unit 2,13.04,971
139,115,53,38,62,Unit 1,10.28,885
164,123,58,72,28,Unit 2,6.95,1452
173,124,44,43,57,Unit 2,16.56,851
150,128,44,54,46,Unit 3,13.77,580
167,115,67,66,34,Unit 3,9.78,784
174,124,47,39,61,Unit 2,16.03,689
140,144,75,46,54,Unit 1,15.6,513
147,120,63,50,50,Unit 2,14.44,689
155,130,71,42,58,Unit 3,16.13,499
138,135,70,53,47,Unit 1,13.55,736
152,124,40,53,47,Unit 3,12.75,527
147,140,62,70,30,Unit 3,12.1,712
137,114,56,52,48,Unit 2,10.37,1088
143,129,46,42,58,Unit 1,15.28,659
166,136,36,53,47,Unit 3,14.53,633
148,124,44,64,36,Unit 2,12.54,968
164,134,65,49,51,Unit 2,16.0,849
176,126,56,50,50,Unit 3,9.27,933
159,120,67,71,29,Unit 2,10.5,1040
165,119,43,66,34,Unit 2,10.64,1070
162,134,75,57,43,Unit 3,13.46,653
159,136,69,46,54,Unit 3,15.66,522
176,119,38,42,58,Unit 2,15.95,656
159,136,53,46,54,Unit 1,10.57,942
175,114,67,53,47,Unit 3,11.91,623
137,127,60,67,33,Unit 3,7.48,1053
157,123,36,62,38,Unit 1,10.42,766
179,127,69,58,42,Unit 2,13.07,910
147,127,48,44,56,Unit 3,14.81,475
162,136,39,72,28,Unit 2,11.81,1119
147,144,75,63,37,Unit 3,13.51,610
175,128,71,38,62,Unit 3,15.06,470
149,132,62,39,61,Unit 1,15.54,569
155,119,66,45,55,Unit 1,13.33,556
180,135,65,64,36,Unit 1,10.75,957
141,132,63,56,44,Unit 1,11.52,760
150,142,41,53,47,Unit 2,16.01,836
157,121,63,39,61,Unit 1,14.31,472
180,130,60,52,48,Unit 1,8.12,1219
142,128,75,66,34,Unit 3,10.75,669
153,142,58,63,37,Unit 3,9.55,1077
148,122,75,71,29,Unit 2,9.93,961
162,131,57,42,58,Unit 1,10.58,1001
171,119,67,45,55,Unit 2,14.06,861
170,138,58,38,62,Unit 2,14.32,1093
154,126,63,41,59,Unit 2,17.25,676
159,123,49,43,57,Unit 3,14.45,384
141,118,52,64,36,Unit 3,7.04,1026
178,126,51,59,41,Unit 1,6.45,1321
177,132,60,72,28,Unit 1,4.89,1373
143,132,37,44,56,Unit 2,17.09,694
176,130,72,45,55,Unit 3,14.12,512
158,132,52,65,35,Unit 2,9.52,1395
167,124,43,38,62,Unit 1,13.8,633
152,118,53,46,54,Unit 1,8.84,1009
178,133,38,43,57,Unit 2,17.16,797
162,119,40,54,46,Unit 2,12.97,864
173,122,63,54,46,Unit 3,12.58,605
180,117,40,68,32,Unit 1,8.34,1003
158,142,68,70,30,Unit 3,11.82,843
171,142,67,43,57,Unit 3,16.35,460
141,139,46,66,34,Unit 2,13.23,1008
145,139,35,46,54,Unit 2,17.32,632
177,139,59,44,56,Unit 3,11.76,857
170,125,45,58,42,Unit 3,10.93,738
147,139,44,42,58,Unit 1,15.38,613
140,116,39,56,44,Unit 2,13.14,799
153,132,72,38,62,Unit 2,18.51,543
163,123,66,64,36,Unit 1,9.48,816
135,125,55,63,37,Unit 2,9.34,1168
181,126,56,47,53,Unit 3,9.53,961
168,137,65,45,55,Unit 1,14.79,690
155,115,74,67,33,Unit 1,7.57,895
159,129,62,54,46,Unit 2,14.73,838
138,138,68,59,41,Unit 1,12.44,679
138,135,44,55,45,Unit 3,13.78,531
154,141,36,72,28,Unit 2,13.11,1007
145,131,73,66,34,Unit 2,13.07,932
170,118,44,51,49,Unit 2,14.05,827
146,138,63,47,53,Unit 2,16.62,690
176,141,64,43,57,Unit 2,18.28,807
166,137,52,60,40,Unit 3,9.17,1060
165,136,43,43,57,Unit 2,17.13,742
164,138,63,42,58,Unit 1,14.57,668
179,117,57,52,48,Unit 2,10.09,1201
172,122,37,59,41,Unit 2,12.99,960
141,142,50,54,46,Unit 2,13.06,1206
176,123,56,62,38,Unit 3,6.86,1141
151,121,73,71,29,Unit 1,8.63,1005
162,131,42,51,49,Unit 3,13.54,574
172,143,49,46,54,Unit 2,17.63,774
151,131,46,56,44,Unit 1,11.81,802
173,127,60,72,28,Unit 2,7.45,1515
138,117,51,42,58,Unit 2,13.23,1016
137,141,50,58,42,Unit 2,11.79,1300
153,127,72,47,53,Unit 3,14.75,416
166,127,74,66,34,Unit 2,11.5,1046
177,133,50,39,61,Unit 1,10.85,925
172,144,64,44,56,Unit 2,18.24,702
155,116,39,68,32,Unit 3,8.82,747
138,114,64,46,54,Unit 3,14.18,442
140,143,53,48,52,Unit 3,11.81,853
161,126,35,60,40,Unit 3,11.87,661
150,137,57,53,47,Unit 2,12.28,1193
160,143,66,58,42,Unit 2,15.67,831
170,126,46,59,41,Unit 2,13.31,942
161,119,56,43,57,Unit 1,9.91,1006
167,134,66,58,42,Unit 3,12.21,630
136,125,67,68,32,Unit 2,12.09,909
167,114,61,40,60,Unit 1,12.67,632
155,124,40,72,28,Unit 3,9.46,789
164,124,51,42,58,Unit 3,11.33,795
142,133,46,38,62,Unit 2,17.9,642
157,122,54,56,44,Unit 3,8.91,941
171,119,59,52,48,Unit 3,8.87,962
171,122,52,47,53,Unit 3,10.24,869
136,114,69,38,62,Unit 2,16.64,629
153,117,73,55,45,Unit 3,12.5,592
157,116,68,54,46,Unit 2,13.72,883
176,115,68,71,29,Unit 2,9.82,1148
168,139,45,64,36,Unit 1,11.07,886
177,141,74,70,30,Unit 1,9.75,1007
160,129,54,40,60,Unit 1,10.67,979
163,132,75,57,43,Unit 2,14.18,859
154,129,41,57,43,Unit 3,12.09,615
148,135,56,46,54,Unit 2,13.25,1109
171,137,65,66,34,Unit 2,13.12,1025
148,117,57,58,42,Unit 1,6.19,1183
167,143,50,66,34,Unit 3,8.52,1097
142,139,69,40,60,Unit 3,17.17,335
168,127,38,55,45,Unit 1,10.96,799
146,120,57,54,46,Unit 3,8.9,947
169,132,39,47,53,Unit 1,13.27,693
164,143,75,55,45,Unit 2,16.31,868
138,128,45,56,44,Unit 2,14.26,795
141,134,67,49,51,Unit 3,15.69,455
143,135,59,56,44,Unit 3,10.27,932
141,126,56,44,56,Unit 3,11.94,708
137,123,36,69,31,Unit 1,9.33,760
158,144,50,50,50,Unit 3,11.83,910
170,138,61,72,28,Unit 1,8.37,1069
161,138,37,46,54,Unit 2,17.42,703
167,134,57,51,49,Unit 2,11.34,1239
168,118,39,41,59,Unit 3,15.15,432
145,133,38,67,33,Unit 2,12.53,931
171,133,62,42,58,Unit 1,14.51,630
162,129,49,46,54,Unit 2,15.93,701
146,142,35,58,42,Unit 3,13.32,625
152,130,47,71,29,Unit 3,10.1,822
137,117,71,71,29,Unit 2,10.85,1042
170,128,48,45,55,Unit 3,14.87,496
135,140,45,50,50,Unit 3,15.37,536
